CASE,SERIAL,REF,QUESTNNR,MODE,STARTED,DE01_01,DE02,DE02_03,DE03,EM01,EM02,EM03,LA01,LA02_01,LA02_02,LA02_03,LA02_04,LA02_05,LA02_06,LA02_07,LA02_08,LA03,LA04,LA05,LA06,LA07_01,LA08_01,LG01,LG02,LG03,LG04,LG11,LG12,LG05,LG06,LG13,LG07,LG14,LG10,LG08_01,LO01,LO02,LO02s,LO03,LO04,LO05,LO09,LO06,LO07,LO07s,LO08,LO08_03,LO10,LO10s,LO11,LO11s,LU01,LU01_01,LU01_02,LU01_03,LU01_04,LU01_05,LU01_06,LU01_07,LU01_08,LU01_09,LU01_10,LU01_11,LU01_12,LU01_15,LU01_13,LU01_14,LU02,LU02_09,LU02_10,LU02_01,LU02_02,LU02_03,LU02_04,LU02_05,LU02_06,LU02_07,LU02_08,LU03,LU03_01,LU03_02,LU03_03,LU03_04,LU03_05,LU03_06,LU03_07,LU03_08,LU03_09,LU03_10,LU03_11,LU03_12,LU03_13,LU03_14,LU03_15,LU03_16,LU03_17,LU03_18,LU03_19,LU03_20,LU04,LU05,RW01,RW02,RW03,RW03_01,RW03_08,RW03_07,RW03_06,RW03_03,RW03_02,RW03_09,RW03_04,RW03_05,RW04,RW04_01,RW04_02,RW04_03,RW04_04,RW04_05,RW04_06,XT01_01,XT01_02,XT01_03,XT01_04,XT01_05,XT01_06,XT01_07,XT01_08,XT01_09,XT01_10,XT01_11,XT01_12,XT01_13,XT01_14,XT01_15,XT02,TIME001,TIME002,TIME003,TIME004,TIME005,TIME006,TIME007,TIME008,TIME009,TIME010,TIME011,TIME012,TIME013,TIME014,TIME015,TIME016,TIME017,TIME018,TIME019,TIME020,TIME021,TIME022,TIME_SUM,MAILSENT,LASTDATA,FINISHED,Q_VIEWER,LASTPAGE,MAXPAGE,LO02_com,LO07_com
175,NA,NA,main-q,interview,2022-09-19T17:17:30Z,37,Donna,NA,Dottorato di ricerca,Lavoratrice/Lavoratore,Istruzione,NA,Negativa,2,4,4,4,2,4,4,2,Sì,No,NA,NA,"Con l'attuale stato di definanziamento della scuola, l'nsegnamento del dialetto sarebbe fatto sicuramente male e potrebbe andare a danno dell* student* la cui prima lingua non è l'italiano",NA,Prevalentemente in italiano,Prevalentemente in italiano,No,NA,NA,NA,Prevalentemente in italiano,NA,"Sì, lo capisco molto bene",NA,"Sì, ma molto poco",Lo parlo raramente,"Parlo tedesco e inglese a ottimo livello, russo e francese a buon livello, inoltre dialetto veneto che parlo ormai meglio di quello lombardo dato che vivo a Padova da 15 anni e qui il dialetto è usatissimo",No,NA,NA,NA,NA,NA,Sì,NA,1776,NA,NA,NA,NA,NA,NA,NA,1,TRUE,FALSE,FALSE,FALSE,FALSE,FALSE,FALSE,FALSE,FALSE,FALSE,FALSE,FALSE,FALSE,FALSE,FALSE,1,TRUE,FALSE,FALSE,FALSE,FALSE,FALSE,FALSE,FALSE,FALSE,FALSE,4,FALSE,FALSE,FALSE,FALSE,FALSE,FALSE,FALSE,TRUE,TRUE,TRUE,TRUE,FALSE,FALSE,FALSE,FALSE,FALSE,FALSE,FALSE,FALSE,FALSE,Molto spesso,Alcune volte,No,No,1,FALSE,FALSE,FALSE,TRUE,FALSE,FALSE,FALSE,FALSE,FALSE,1,TRUE,FALSE,FALSE,FALSE,FALSE,FALSE,5,5,1,5,5,5,1,5,5,2,1,5,5,1,1,"Sì, voglio rispondere all'ulteriore quesito",6,8,NA,NA,NA,3,NA,NA,NA,6,3,21,14,3,81,36,13,42,NA,135,8,68,397,NA,2022-09-19T17:24:57Z,TRUE,FALSE,22,22,NA,Mariano Comense
188,NA,NA,main-q,interview,2022-09-19T19:15:14Z,58,Donna,NA,Licenza di scuola media,Lavoratrice/Lavoratore,"Altre attività professionali, scientifiche e tecniche",NA,Positiva,4,6,7,5,2,6,4,4,Sì,Sì,Ogni comune/località dovrebbe insegnare la propria varietà di dialetto.,Il dialetto di un comune/località dovrebbe essere scelto come la singola varietà.,NA,Perché non si perdano i vecchi linguaggi,In italiano e in dialetto con la stessa frequenza,Prevalentemente in italiano,Sì,Prevalentemente in italiano,Non ho figli minorenni,Prevalentemente in italiano,NA,"Sì, lo capisco bene",NA,Così così,NA,Non lo parlo mai,Calabrese,Sì,-9,NA,Per più di 10 anni,No,NA,NA,Sì,NA,NA,NA,NA,NA,NA,NA,NA,1,TRUE,FALSE,FALSE,FALSE,FALSE,FALSE,FALSE,FALSE,FALSE,FALSE,FALSE,FALSE,FALSE,FALSE,FALSE,1,TRUE,FALSE,FALSE,FALSE,FALSE,FALSE,FALSE,FALSE,FALSE,FALSE,1,FALSE,FALSE,FALSE,FALSE,FALSE,FALSE,FALSE,TRUE,FALSE,FALSE,FALSE,FALSE,FALSE,FALSE,FALSE,FALSE,FALSE,FALSE,FALSE,FALSE,Alcune volte,Mai,Sì,No,1,FALSE,FALSE,FALSE,FALSE,FALSE,FALSE,TRUE,FALSE,FALSE,1,FALSE,FALSE,TRUE,FALSE,FALSE,FALSE,1,4,1,4,5,4,1,5,3,1,1,1,3,3,1,"Sì, voglio rispondere all'ulteriore quesito",28,13,33,13,NA,NA,NA,NA,NA,NA,11,91,38,25,35,54,39,126,56,NA,38,317,719,NA,2022-09-19T19:30:31Z,TRUE,FALSE,22,22,NA,NA
192,NA,NA,main-q,interview,2022-09-19T19:23:10Z,32,Donna,NA,Laurea triennale,Lavoratrice/Lavoratore,Costruzioni,NA,Indifferente,4,4,4,5,4,4,4,3,Sì,Indifference,[NA] Not answered,[NA] Not answered,NA,NA,Prevalentemente in italiano,Prevalentemente in italiano,Sì,Prevalentemente in italiano,Prevalentemente in italiano,Prevalentemente in italiano,NA,"Sì, lo capisco bene",NA,Così così,NA,Lo parlo raramente,Tedesco inglese,Sì,1871,NA,Per 1-5 anni,Sì,Sì,NA,No,2887,NA,NA,NA,NA,NA,NA,NA,3,TRUE,FALSE,TRUE,FALSE,FALSE,FALSE,FALSE,FALSE,FALSE,FALSE,FALSE,FALSE,TRUE,FALSE,FALSE,4,TRUE,TRUE,FALSE,FALSE,FALSE,FALSE,FALSE,TRUE,FALSE,TRUE,1,TRUE,FALSE,FALSE,FALSE,FALSE,FALSE,FALSE,FALSE,FALSE,FALSE,FALSE,FALSE,FALSE,FALSE,FALSE,FALSE,FALSE,FALSE,FALSE,FALSE,[NA] Not answered,Alcune volte,Sì,No,0,FALSE,FALSE,FALSE,FALSE,FALSE,FALSE,FALSE,FALSE,FALSE,1,TRUE,FALSE,FALSE,FALSE,FALSE,FALSE,1,5,1,5,4,5,1,5,5,3,1,5,5,3,1,"Sì, voglio rispondere all'ulteriore quesito",11,7,38,10,3,NA,NA,NA,NA,4,4,7,17,10,12,43,14,33,13,NA,22,177,425,NA,2022-09-19T19:30:15Z,TRUE,FALSE,22,22,Minusio,Segrate
193,NA,NA,main-q,interview,2022-09-19T19:25:04Z,60,Donna,NA,Diploma di maturità/certificato professionale,Lavoratrice/Lavoratore,Istruzione,NA,Positiva,7,-9,7,7,-9,7,-9,-9,Sì,Sì,Ogni comune/località dovrebbe insegnare la propria varietà di dialetto.,Il dialetto di un comune/località dovrebbe essere scelto come la singola varietà.,NA,NA,In italiano e in dialetto con la stessa frequenza,In italiano e in dialetto con la stessa frequenza,Sì,In italiano e in dialetto con la stessa frequenza,Non ho figli minorenni,Prevalentemente in italiano,NA,"Sì, lo capisco molto bene",NA,"Sì, lo parlo bene",NA,Lo parlo spesso,NA,Sì,3283,NA,Per più di 10 anni,Sì,NA,NA,Sì,NA,NA,NA,NA,NA,NA,NA,NA,5,TRUE,TRUE,FALSE,FALSE,TRUE,FALSE,FALSE,FALSE,TRUE,FALSE,FALSE,FALSE,FALSE,TRUE,FALSE,3,TRUE,FALSE,FALSE,FALSE,FALSE,TRUE,FALSE,TRUE,FALSE,FALSE,1,FALSE,FALSE,FALSE,FALSE,FALSE,FALSE,FALSE,TRUE,FALSE,FALSE,FALSE,FALSE,FALSE,FALSE,FALSE,FALSE,FALSE,FALSE,FALSE,FALSE,Spesso,Alcune volte,No,Sì,2,TRUE,FALSE,FALSE,TRUE,FALSE,FALSE,FALSE,FALSE,FALSE,1,TRUE,FALSE,FALSE,FALSE,FALSE,FALSE,1,5,1,5,1,5,5,5,5,1,1,5,5,1,5,"Sì, voglio rispondere all'ulteriore quesito",42,9,40,14,NA,NA,NA,NA,NA,NA,9,24,37,36,33,79,39,59,30,NA,51,194,688,NA,2022-09-19T19:36:40Z,TRUE,FALSE,22,22,Verbania,NA
194,NA,NA,main-q,interview,2022-09-19T19:31:53Z,NA,NA,NA,NA,Lavoratrice/Lavoratore,Ricerca scientifica e sviluppo,NA,Positiva,4,4,4,4,4,4,4,4,Sì,Sì,Una unica varietà di dialetto dovrebbe essere insegnata su un territorio più grande.,Si dovrebbe creare una nuova varietà basata sui dialetti dei vari comuni/località.,NA,NA,Prevalentemente in italiano,Prevalentemente in italiano,No,NA,NA,NA,Prevalentemente in italiano,NA,Così così,NA,"Sì, ma molto poco",Non lo parlo mai,"Inglese, francese",No,NA,NA,NA,NA,NA,Sì,NA,1688,NA,NA,NA,NA,NA,NA,NA,1,TRUE,FALSE,FALSE,FALSE,FALSE,FALSE,FALSE,FALSE,FALSE,FALSE,FALSE,FALSE,FALSE,FALSE,FALSE,1,TRUE,FALSE,FALSE,FALSE,FALSE,FALSE,FALSE,FALSE,FALSE,FALSE,1,FALSE,FALSE,FALSE,FALSE,TRUE,FALSE,FALSE,FALSE,FALSE,FALSE,FALSE,FALSE,FALSE,FALSE,FALSE,FALSE,FALSE,FALSE,FALSE,FALSE,Molto spesso,Alcune volte,No,No,3,FALSE,FALSE,TRUE,TRUE,FALSE,TRUE,FALSE,FALSE,FALSE,1,TRUE,FALSE,FALSE,FALSE,FALSE,FALSE,NA,NA,NA,NA,NA,NA,NA,NA,NA,NA,NA,NA,NA,NA,NA,NA,56,8,NA,NA,NA,5,NA,NA,NA,13,9,45,494,5,797,80,49,73,65,NA,NA,NA,466,NA,2022-09-19T20:00:12Z,FALSE,FALSE,19,19,NA,Luino
195,NA,NA,main-q,interview,2022-09-19T19:34:24Z,34,Uomo,NA,Laurea specialistica/magistrale,Lavoratrice/Lavoratore,Servizi alle famiglie e assistenza sociale,NA,Negativa,2,4,3,3,1,2,4,2,No,No,NA,NA,altre urgenze (es. inglese),NA,Prevalentemente in italiano,Prevalentemente in italiano,No,NA,NA,NA,Prevalentemente in italiano,"Sì, ma molto poco",NA,"No, per niente",NA,NA,inglese,Sì,2238,NA,Per più di 10 anni,Sì,Sì,NA,No,3283,NA,NA,NA,NA,NA,NA,NA,NA,NA,NA,NA,NA,NA,NA,NA,NA,NA,NA,NA,NA,NA,NA,NA,NA,NA,NA,NA,NA,NA,NA,NA,NA,NA,NA,NA,NA,NA,NA,NA,NA,NA,NA,NA,NA,NA,NA,NA,NA,NA,NA,NA,NA,NA,NA,NA,NA,Mai,NA,NA,NA,NA,NA,NA,NA,NA,NA,NA,NA,NA,NA,NA,NA,NA,NA,NA,NA,3,5,4,5,4,5,1,4,3,2,1,5,4,3,1,"Sì, voglio rispondere all'ulteriore quesito",4,7,21,3,3,NA,NA,NA,NA,6,5,52,19,5,18,NA,NA,32,NA,19,67,89,350,NA,2022-09-19T19:40:15Z,TRUE,FALSE,22,22,Pavia,Verbania
197,NA,NA,main-q,interview,2022-09-19T19:40:50Z,36,Uomo,NA,Laurea specialistica/magistrale,Lavoratrice/Lavoratore,Servizi di alloggio e ristorazione,NA,Indifferente,3,4,5,5,2,6,4,3,Sì,Sì,Ogni comune/località dovrebbe insegnare la propria varietà di dialetto.,Il dialetto di un comune/località dovrebbe essere scelto come la singola varietà.,NA,Per mantenerlo,Prevalentemente in italiano,Prevalentemente in italiano,No,NA,NA,NA,Prevalentemente in italiano,"Sì, lo capisco molto bene",NA,"Sì, ma molto poco",NA,Lo parlo raramente,"Inglese, francese",Sì,339,NA,Per più di 10 anni,No,Sì,NA,No,1153,NA,NA,NA,NA,NA,NA,NA,2,TRUE,TRUE,FALSE,FALSE,FALSE,FALSE,FALSE,FALSE,FALSE,FALSE,FALSE,FALSE,FALSE,FALSE,FALSE,2,TRUE,FALSE,TRUE,FALSE,FALSE,FALSE,FALSE,FALSE,FALSE,FALSE,5,TRUE,TRUE,FALSE,FALSE,FALSE,FALSE,FALSE,TRUE,TRUE,FALSE,TRUE,FALSE,FALSE,FALSE,FALSE,FALSE,FALSE,FALSE,FALSE,FALSE,Spesso,Alcune volte,Sì,No,2,FALSE,FALSE,FALSE,TRUE,FALSE,FALSE,TRUE,FALSE,FALSE,1,TRUE,FALSE,FALSE,FALSE,FALSE,FALSE,3,5,1,4,4,3,1,5,4,2,1,4,5,2,1,"Sì, voglio rispondere all'ulteriore quesito",30,4,16,6,4,NA,NA,NA,NA,12,4,37,16,5,22,40,18,45,24,NA,12,103,398,NA,2022-09-19T19:47:28Z,TRUE,FALSE,22,22,Bologna,Crevalcore
199,NA,NA,main-q,interview,2022-09-19T20:06:14Z,NA,NA,NA,NA,NA,NA,NA,NA,NA,NA,NA,NA,NA,NA,NA,NA,NA,NA,NA,NA,NA,NA,NA,NA,NA,NA,NA,NA,NA,NA,NA,NA,NA,NA,NA,Sì,NA,NA,NA,NA,NA,NA,NA,NA,NA,NA,NA,NA,NA,NA,NA,NA,NA,NA,NA,NA,NA,NA,NA,NA,NA,NA,NA,NA,NA,NA,NA,NA,NA,NA,NA,NA,NA,NA,NA,NA,NA,NA,NA,NA,NA,NA,NA,NA,NA,NA,NA,NA,NA,NA,NA,NA,NA,NA,NA,NA,NA,NA,NA,NA,NA,NA,NA,NA,NA,NA,NA,NA,NA,NA,NA,NA,NA,NA,NA,NA,NA,NA,NA,NA,NA,NA,NA,NA,NA,NA,NA,NA,NA,NA,NA,NA,NA,NA,NA,NA,2,11,NA,NA,NA,NA,NA,NA,NA,NA,NA,NA,NA,NA,NA,NA,NA,NA,NA,NA,NA,NA,13,NA,2022-09-19T20:06:27Z,FALSE,FALSE,2,2,NA,NA
205,NA,NA,main-q,interview,2022-09-19T20:40:04Z,38,Donna,NA,Dottorato di ricerca,Lavoratrice/Lavoratore,Istruzione,NA,Positiva,2,4,6,5,4,6,3,3,Sì,Sì,Ogni comune/località dovrebbe insegnare la propria varietà di dialetto.,Il dialetto di un comune/località dovrebbe essere scelto come la singola varietà.,NA,"Perché può avvicinare le generazioni giovani a queste lingue che si stanno perdendo, e a tutta la storia e cultura che rappresentano. Aumenterebbe tra l'altro la sensibilità linguistica dei bambini/ragazzi. Certo non sarebbe sufficiente a ""salvare"" i dialetti, però.",Prevalentemente in italiano,Prevalentemente in italiano,Sì,Prevalentemente in italiano,Prevalentemente in italiano,Non ho figli maggiorenni,NA,NA,Così così,NA,"Sì, ma molto poco",Non lo parlo mai,"Portoghese, inglese, spagnolo",No,NA,NA,NA,NA,NA,Sì,NA,2851,NA,NA,NA,NA,NA,NA,NA,3,FALSE,TRUE,TRUE,FALSE,FALSE,FALSE,FALSE,FALSE,FALSE,FALSE,FALSE,FALSE,TRUE,FALSE,FALSE,0,FALSE,FALSE,FALSE,FALSE,FALSE,FALSE,FALSE,FALSE,FALSE,FALSE,3,FALSE,FALSE,FALSE,FALSE,FALSE,FALSE,FALSE,TRUE,FALSE,TRUE,TRUE,FALSE,FALSE,FALSE,FALSE,FALSE,FALSE,FALSE,FALSE,FALSE,Molto spesso,Alcune volte,No,No,2,FALSE,FALSE,FALSE,FALSE,TRUE,TRUE,FALSE,FALSE,FALSE,1,TRUE,FALSE,FALSE,FALSE,FALSE,FALSE,4,5,3,5,4,5,1,5,4,3,1,5,5,3,1,"Sì, voglio rispondere all'ulteriore quesito",98,9,NA,NA,NA,3,NA,NA,NA,7,5,58,19,23,30,105,44,53,120,NA,15,134,723,NA,2022-09-19T20:52:07Z,TRUE,FALSE,22,22,NA,Sassuolo
206,NA,NA,main-q,interview,2022-09-19T20:42:38Z,32,Donna,NA,Laurea specialistica/magistrale,Lavoratrice/Lavoratore,Servizi IT e altri servizi informativi,NA,Indifferente,3,3,7,3,1,7,2,1,Sì,Sì,Ogni comune/località dovrebbe insegnare la propria varietà di dialetto.,Il dialetto di un comune/località dovrebbe essere scelto come la singola varietà.,NA,Perché fa parte delle proprie radici,In italiano e in dialetto con la stessa frequenza,In italiano e in dialetto con la stessa frequenza,No,NA,NA,NA,In italiano e in dialetto in stessa misura,"Sì, lo capisco molto bene",NA,"Sì, lo parlo molto bene",NA,[NA] Not answered,"inglese, tedesco. Capisco il dialetto piemontese ma non lo parlo",Sì,1228,NA,Per più di 10 anni,Sì,NA,NA,Sì,NA,NA,NA,NA,NA,NA,NA,NA,3,TRUE,TRUE,TRUE,FALSE,FALSE,FALSE,FALSE,FALSE,FALSE,FALSE,FALSE,FALSE,FALSE,FALSE,FALSE,1,TRUE,FALSE,FALSE,FALSE,FALSE,FALSE,FALSE,FALSE,FALSE,FALSE,9,TRUE,TRUE,TRUE,FALSE,FALSE,TRUE,FALSE,TRUE,TRUE,TRUE,TRUE,FALSE,FALSE,FALSE,FALSE,FALSE,FALSE,FALSE,FALSE,TRUE,Mai,Alcune volte,No,No,1,FALSE,FALSE,FALSE,TRUE,FALSE,FALSE,FALSE,FALSE,FALSE,1,TRUE,FALSE,FALSE,FALSE,FALSE,FALSE,4,5,4,5,5,5,1,5,4,1,1,5,5,1,1,"Sì, voglio rispondere all'ulteriore quesito",11,5,17,5,NA,NA,NA,NA,NA,NA,5,59,35,5,70,43,25,49,33,NA,25,109,496,NA,2022-09-19T20:50:54Z,TRUE,FALSE,22,22,Dorno,NA
208,NA,NA,main-q,interview,2022-09-19T20:44:43Z,29,Uomo,NA,Dottorato di ricerca,Lavoratrice/Lavoratore,Ricerca scientifica e sviluppo,NA,Negativa,2,2,4,4,2,4,2,2,No,No,NA,NA,NA,NA,Prevalentemente in italiano,Prevalentemente in italiano,No,NA,NA,NA,Prevalentemente in italiano,NA,"Sì, lo capisco bene",NA,"Sì, ma molto poco",Non lo parlo mai,"Inglese, Portoghese",No,NA,NA,NA,NA,NA,Sì,NA,1867,NA,NA,NA,NA,NA,NA,NA,3,TRUE,FALSE,FALSE,FALSE,FALSE,FALSE,FALSE,TRUE,FALSE,FALSE,FALSE,FALSE,TRUE,FALSE,FALSE,1,TRUE,FALSE,FALSE,FALSE,FALSE,FALSE,FALSE,FALSE,FALSE,FALSE,3,TRUE,FALSE,FALSE,FALSE,FALSE,FALSE,FALSE,TRUE,FALSE,FALSE,TRUE,FALSE,FALSE,FALSE,FALSE,FALSE,FALSE,FALSE,FALSE,FALSE,Alcune volte,Alcune volte,No,No,0,FALSE,FALSE,FALSE,FALSE,FALSE,FALSE,FALSE,FALSE,FALSE,0,FALSE,FALSE,FALSE,FALSE,FALSE,FALSE,2,5,1,5,5,5,1,5,5,2,1,5,5,1,1,"Sì, voglio rispondere all'ulteriore quesito",47,6,NA,NA,NA,3,NA,NA,NA,9,6,35,25,10,20,65,20,52,NA,4,35,109,446,NA,2022-09-19T20:52:09Z,TRUE,FALSE,22,22,NA,Milano
211,NA,NA,main-q,interview,2022-09-19T21:26:30Z,40,Donna,NA,Dottorato di ricerca,Lavoratrice/Lavoratore,Ricerca scientifica e sviluppo,NA,Negativa,1,3,5,4,3,3,2,1,Sì,No,NA,NA,NA,NA,Prevalentemente in italiano,Prevalentemente in italiano,Sì,Prevalentemente in italiano,Prevalentemente in italiano,Non ho figli maggiorenni,NA,Così così,NA,"Sì, ma molto poco",NA,Lo parlo raramente,"Inglese, russo",Sì,2200,NA,Per 5-10 anni,Sì,Sì,NA,No,437,NA,NA,NA,NA,NA,NA,NA,2,TRUE,TRUE,FALSE,FALSE,FALSE,FALSE,FALSE,FALSE,FALSE,FALSE,FALSE,FALSE,FALSE,FALSE,FALSE,1,TRUE,FALSE,FALSE,FALSE,FALSE,FALSE,FALSE,FALSE,FALSE,FALSE,1,TRUE,FALSE,FALSE,FALSE,FALSE,FALSE,FALSE,FALSE,FALSE,FALSE,FALSE,FALSE,FALSE,FALSE,FALSE,FALSE,FALSE,FALSE,FALSE,FALSE,Alcune volte,Alcune volte,No,No,2,FALSE,FALSE,TRUE,FALSE,TRUE,FALSE,FALSE,FALSE,FALSE,1,TRUE,FALSE,FALSE,FALSE,FALSE,FALSE,2,5,2,5,5,5,1,5,4,1,1,5,5,1,1,"Sì, voglio rispondere all'ulteriore quesito",34,4,23,5,4,NA,NA,NA,NA,8,10,22,20,10,29,43,28,38,NA,5,20,64,367,NA,2022-09-19T21:32:37Z,TRUE,FALSE,22,22,Paitone,Brescia
214,NA,NA,main-q,interview,2022-09-19T21:34:58Z,33,Donna,NA,Laurea triennale,Lavoratrice/Lavoratore,Servizi IT e altri servizi informativi,NA,Negativa,4,2,4,4,3,3,4,4,Sì,Sì,Una unica varietà di dialetto dovrebbe essere insegnata su un territorio più grande.,Il dialetto di un comune/località dovrebbe essere scelto come la singola varietà.,NA,Per mantenere le tradizioni,Prevalentemente in italiano,Prevalentemente in italiano,Sì,Prevalentemente in italiano,Prevalentemente in italiano,Non ho figli maggiorenni,NA,"Sì, lo capisco bene",NA,"Sì, ma molto poco",NA,Non lo parlo mai,Spagnolo latino americano,Sì,3283,NA,Per più di 10 anni,Sì,NA,NA,Sì,NA,NA,NA,NA,NA,NA,NA,NA,2,TRUE,FALSE,FALSE,FALSE,FALSE,FALSE,FALSE,FALSE,FALSE,FALSE,FALSE,FALSE,TRUE,FALSE,FALSE,1,TRUE,FALSE,FALSE,FALSE,FALSE,FALSE,FALSE,FALSE,FALSE,FALSE,4,TRUE,FALSE,FALSE,FALSE,FALSE,FALSE,FALSE,FALSE,TRUE,TRUE,TRUE,FALSE,FALSE,FALSE,FALSE,FALSE,FALSE,FALSE,FALSE,FALSE,Molto spesso,Alcune volte,No,No,2,FALSE,FALSE,TRUE,TRUE,FALSE,FALSE,FALSE,FALSE,FALSE,1,TRUE,FALSE,FALSE,FALSE,FALSE,FALSE,5,5,3,5,5,5,1,5,5,3,1,5,5,2,1,"Sì, voglio rispondere all'ulteriore quesito",68,5,45,5,NA,NA,NA,NA,NA,NA,6,20,22,20,32,120,30,93,49,NA,26,137,678,NA,2022-09-19T21:46:16Z,TRUE,FALSE,22,22,Verbania,NA
215,NA,NA,main-q,interview,2022-09-19T22:11:33Z,33,Uomo,NA,Diploma di maturità/certificato professionale,Lavoratrice/Lavoratore,Costruzioni,NA,Positiva,4,4,4,4,4,4,4,4,Sì,No,NA,NA,NA,NA,Prevalentemente in dialetto,Prevalentemente in italiano,Sì,Prevalentemente in italiano,Prevalentemente in italiano,Non ho figli maggiorenni,NA,"Sì, lo capisco molto bene",NA,"Sì, lo parlo bene",NA,Lo parlo sempre,NA,Sì,1871,NA,Per più di 10 anni,No,NA,NA,Sì,NA,NA,NA,NA,NA,NA,NA,NA,8,TRUE,TRUE,TRUE,FALSE,FALSE,FALSE,FALSE,FALSE,TRUE,TRUE,FALSE,FALSE,TRUE,TRUE,TRUE,7,TRUE,TRUE,TRUE,TRUE,TRUE,FALSE,FALSE,TRUE,FALSE,TRUE,14,TRUE,FALSE,FALSE,FALSE,TRUE,TRUE,TRUE,TRUE,TRUE,TRUE,TRUE,FALSE,FALSE,TRUE,TRUE,FALSE,TRUE,TRUE,TRUE,TRUE,Alcune volte,Molto spesso,No,Sì,1,FALSE,TRUE,FALSE,FALSE,FALSE,FALSE,FALSE,FALSE,FALSE,1,TRUE,FALSE,FALSE,FALSE,FALSE,FALSE,5,5,2,5,5,5,3,5,5,2,3,5,5,2,3,"Sì, voglio rispondere all'ulteriore quesito",7,6,97,5,NA,NA,NA,NA,NA,NA,7,35,41,34,27,128,53,73,NA,28,60,116,647,NA,2022-09-19T22:23:30Z,TRUE,FALSE,22,22,Minusio,NA
216,NA,NA,main-q,interview,2022-09-19T22:24:52Z,32,Donna,NA,Diploma di maturità/certificato professionale,Lavoratrice/Lavoratore,"Commercio all’ingrosso e al dettaglio, riparazione di autoveicoli e motocicli",NA,Indifferente,4,4,4,4,4,4,4,4,Sì,Sì,Una unica varietà di dialetto dovrebbe essere insegnata su un territorio più grande.,Il dialetto di un comune/località dovrebbe essere scelto come la singola varietà.,NA,Per tramandarlo alle generazioni future,Prevalentemente in italiano,Prevalentemente in italiano,Sì,Prevalentemente in italiano,Prevalentemente in italiano,Non ho figli maggiorenni,NA,"Sì, lo capisco molto bene",NA,"Sì, ma molto poco",NA,Lo parlo qualche volta,"Tedesco, inglese",Sì,-9,NA,Per 5-10 anni,Sì,Sì,NA,No,3283,NA,NA,NA,NA,NA,NA,NA,2,TRUE,FALSE,FALSE,FALSE,FALSE,FALSE,FALSE,FALSE,FALSE,FALSE,FALSE,FALSE,TRUE,FALSE,FALSE,1,TRUE,FALSE,FALSE,FALSE,FALSE,FALSE,FALSE,FALSE,FALSE,FALSE,3,TRUE,FALSE,TRUE,FALSE,FALSE,FALSE,FALSE,TRUE,FALSE,FALSE,FALSE,FALSE,FALSE,FALSE,FALSE,FALSE,FALSE,FALSE,FALSE,FALSE,Spesso,Alcune volte,No,Sì,6,TRUE,FALSE,TRUE,TRUE,TRUE,TRUE,TRUE,FALSE,FALSE,1,TRUE,FALSE,FALSE,FALSE,FALSE,FALSE,3,3,1,5,4,4,1,5,2,2,1,5,3,2,1,"Sì, voglio rispondere all'ulteriore quesito",48,8,13,5,4,NA,NA,NA,NA,10,5,53,20,12,21,75,29,45,79,NA,29,106,562,NA,2022-09-19T22:34:14Z,TRUE,FALSE,22,22,NA,Verbania
222,NA,NA,main-q,interview,2022-09-20T04:57:43Z,33,Donna,NA,Laurea specialistica/magistrale,Lavoratrice/Lavoratore,"Editoria, audiovisivi e attività radiotelevisive",NA,Positiva,4,4,7,7,3,7,4,1,Sì,Sì,Ogni comune/località dovrebbe insegnare la propria varietà di dialetto.,Il dialetto di un comune/località dovrebbe essere scelto come la singola varietà.,NA,mantenerlo vivo,Prevalentemente in italiano,Prevalentemente in italiano,No,NA,NA,NA,Prevalentemente in italiano,NA,"Sì, lo capisco bene",NA,"Sì, ma molto poco",Non lo parlo mai,"inglese, francese",No,NA,NA,NA,NA,NA,Sì,NA,339,NA,NA,NA,NA,NA,NA,NA,1,TRUE,FALSE,FALSE,FALSE,FALSE,FALSE,FALSE,FALSE,FALSE,FALSE,FALSE,FALSE,FALSE,FALSE,FALSE,1,TRUE,FALSE,FALSE,FALSE,FALSE,FALSE,FALSE,FALSE,FALSE,FALSE,1,FALSE,FALSE,FALSE,FALSE,FALSE,FALSE,FALSE,TRUE,FALSE,FALSE,FALSE,FALSE,FALSE,FALSE,FALSE,FALSE,FALSE,FALSE,FALSE,FALSE,Molto spesso,Alcune volte,No,No,4,FALSE,FALSE,TRUE,TRUE,TRUE,TRUE,FALSE,FALSE,FALSE,1,TRUE,FALSE,FALSE,FALSE,FALSE,FALSE,1,5,1,4,2,5,1,5,1,1,1,4,5,1,1,"Sì, voglio rispondere all'ulteriore quesito",38,5,NA,NA,NA,5,NA,NA,NA,8,6,35,24,5,31,43,40,55,32,NA,39,139,505,NA,2022-09-20T05:06:09Z,TRUE,FALSE,22,22,NA,Bologna
223,NA,NA,main-q,interview,2022-09-20T06:33:01Z,35,Uomo,NA,Laurea triennale,Lavoratrice/Lavoratore,Istruzione,NA,Indifferente,7,5,7,4,4,6,4,3,Sì,No,NA,NA,"Dev essere tramandato, troppe forme diverse.",NA,Prevalentemente in dialetto,In italiano e in dialetto con la stessa frequenza,No,NA,NA,NA,In italiano e in dialetto in stessa misura,"Sì, lo capisco molto bene",NA,"Sì, lo parlo molto bene",NA,Lo parlo sempre,"Dialetto ticinese, dialetto bresciano",Sì,1652,NA,Per più di 10 anni,Sì,NA,NA,Sì,NA,NA,NA,NA,NA,NA,NA,NA,7,TRUE,TRUE,TRUE,TRUE,FALSE,FALSE,FALSE,TRUE,TRUE,FALSE,FALSE,FALSE,TRUE,FALSE,FALSE,7,TRUE,TRUE,TRUE,TRUE,TRUE,FALSE,FALSE,TRUE,FALSE,TRUE,11,TRUE,TRUE,FALSE,FALSE,TRUE,TRUE,FALSE,TRUE,TRUE,TRUE,TRUE,FALSE,FALSE,FALSE,TRUE,FALSE,FALSE,TRUE,FALSE,TRUE,Mai,Alcune volte,Sì,No,1,FALSE,FALSE,FALSE,FALSE,TRUE,FALSE,FALSE,FALSE,FALSE,1,FALSE,FALSE,TRUE,FALSE,FALSE,FALSE,NA,NA,NA,NA,NA,NA,NA,NA,NA,NA,NA,NA,NA,NA,NA,"No, voglio terminare il questionario ora",13,7,32,4,NA,NA,NA,NA,NA,NA,7,28,42,9,27,108,38,98,NA,44,33,NA,490,NA,2022-09-20T06:41:11Z,TRUE,FALSE,21,21,Locarno,NA
229,NA,NA,main-q,interview,2022-09-20T07:01:58Z,NA,NA,NA,NA,Lavoratrice/Lavoratore,NA,NA,NA,NA,NA,NA,NA,NA,NA,NA,NA,NA,NA,NA,NA,NA,NA,NA,NA,NA,NA,NA,NA,NA,NA,NA,NA,NA,NA,NA,No,NA,NA,NA,NA,NA,Sì,NA,2224,NA,NA,NA,NA,NA,NA,NA,NA,NA,NA,NA,NA,NA,NA,NA,NA,NA,NA,NA,NA,NA,NA,NA,NA,NA,NA,NA,NA,NA,NA,NA,NA,NA,NA,NA,NA,NA,NA,NA,NA,NA,NA,NA,NA,NA,NA,NA,NA,NA,NA,NA,NA,NA,NA,NA,NA,NA,NA,NA,NA,NA,NA,NA,NA,NA,NA,NA,NA,NA,NA,NA,NA,NA,NA,NA,NA,NA,NA,NA,NA,NA,NA,NA,NA,NA,NA,NA,NA,NA,NA,NA,NA,2,7,NA,NA,NA,4,NA,NA,NA,9,3,NA,NA,NA,NA,NA,NA,NA,NA,NA,NA,NA,25,NA,2022-09-20T07:02:23Z,FALSE,FALSE,11,11,NA,Parma
231,NA,NA,main-q,interview,2022-09-20T08:43:15Z,58,Donna,NA,Diploma di maturità/certificato professionale,Lavoratrice/Lavoratore,"Commercio all’ingrosso e al dettaglio, riparazione di autoveicoli e motocicli",NA,Indifferente,4,-9,5,-9,3,-9,-9,-9,Sì,Sì,Ogni comune/località dovrebbe insegnare la propria varietà di dialetto.,Si dovrebbe creare una nuova varietà basata sui dialetti dei vari comuni/località.,NA,Per non perdere le origini del posto,In italiano e in dialetto con la stessa frequenza,Prevalentemente in italiano,Sì,Prevalentemente in italiano,Non ho figli minorenni,Prevalentemente in italiano,NA,Così così,NA,"Sì, ma molto poco",NA,Non lo parlo mai,"Tedesco,francese,inglese",Sì,3283,NA,Per più di 10 anni,No,NA,NA,Sì,NA,NA,NA,NA,NA,NA,NA,NA,1,TRUE,FALSE,FALSE,FALSE,FALSE,FALSE,FALSE,FALSE,FALSE,FALSE,FALSE,FALSE,FALSE,FALSE,FALSE,1,TRUE,FALSE,FALSE,FALSE,FALSE,FALSE,FALSE,FALSE,FALSE,FALSE,1,FALSE,FALSE,FALSE,FALSE,FALSE,FALSE,FALSE,TRUE,FALSE,FALSE,FALSE,FALSE,FALSE,FALSE,FALSE,FALSE,FALSE,FALSE,FALSE,FALSE,Molto spesso,Alcune volte,No,No,0,FALSE,FALSE,FALSE,FALSE,FALSE,FALSE,FALSE,FALSE,FALSE,1,TRUE,FALSE,FALSE,FALSE,FALSE,FALSE,3,3,3,5,3,5,1,5,5,2,1,3,5,2,1,"Sì, voglio rispondere all'ulteriore quesito",115,8,32,8,NA,NA,NA,NA,NA,NA,7,24,27,22,44,62,35,80,80,NA,38,232,722,NA,2022-09-20T08:56:49Z,TRUE,FALSE,22,22,Verbania,NA
232,NA,NA,main-q,interview,2022-09-20T10:22:44Z,40,Donna,NA,Dottorato di ricerca,Lavoratrice/Lavoratore,Ricerca scientifica e sviluppo,NA,Indifferente,1,4,7,4,4,4,4,1,Sì,Sì,Ogni comune/località dovrebbe insegnare la propria varietà di dialetto.,Si dovrebbe creare una nuova varietà basata sui dialetti dei vari comuni/località.,NA,Perché il bilinguismo e' importnate,Prevalentemente in italiano,In italiano e in dialetto con la stessa frequenza,No,NA,NA,NA,Prevalentemente in italiano,NA,"Sì, lo capisco molto bene",NA,Così così,Lo parlo raramente,"Inglese, Portoghese Brasiliano, Francese, Tedesco, Olandese, Giapponese",No,NA,NA,NA,NA,NA,Sì,NA,437,NA,NA,NA,NA,NA,NA,NA,2,TRUE,TRUE,FALSE,FALSE,FALSE,FALSE,FALSE,FALSE,FALSE,FALSE,FALSE,FALSE,FALSE,FALSE,FALSE,3,TRUE,TRUE,TRUE,FALSE,FALSE,FALSE,FALSE,FALSE,FALSE,FALSE,4,TRUE,TRUE,FALSE,FALSE,FALSE,TRUE,FALSE,FALSE,FALSE,FALSE,FALSE,FALSE,FALSE,FALSE,FALSE,FALSE,FALSE,FALSE,TRUE,FALSE,Molto spesso,Spesso,No,Sì,3,TRUE,FALSE,FALSE,FALSE,TRUE,FALSE,TRUE,FALSE,FALSE,1,TRUE,FALSE,FALSE,FALSE,FALSE,FALSE,1,4,2,5,2,5,1,5,4,1,1,5,5,2,1,"Sì, voglio rispondere all'ulteriore quesito",37,5,NA,NA,NA,4,NA,NA,NA,8,9,32,24,10,47,49,28,31,110,NA,15,99,508,NA,2022-09-20T10:31:12Z,TRUE,FALSE,22,22,NA,Brescia
234,NA,NA,main-q,interview,2022-09-20T11:48:22Z,36,Uomo,NA,Diploma di maturità/certificato professionale,Lavoratrice/Lavoratore,Altre attività di servizi,NA,Positiva,4,4,7,4,3,6,4,2,Sì,Sì,Ogni comune/località dovrebbe insegnare la propria varietà di dialetto.,Il dialetto di un comune/località dovrebbe essere scelto come la singola varietà.,NA,Perché è uno dei modi per restare legati alle proprie radici,Prevalentemente in italiano,Prevalentemente in italiano,No,NA,NA,NA,Prevalentemente in italiano,"Sì, lo capisco molto bene",NA,"Sì, lo parlo bene",NA,Lo parlo spesso,Dialetto Catanese e inglese,Sì,-9,NA,Per più di 10 anni,Sì,NA,NA,Sì,NA,NA,NA,NA,NA,NA,NA,NA,7,TRUE,TRUE,TRUE,FALSE,FALSE,FALSE,FALSE,TRUE,TRUE,FALSE,FALSE,FALSE,TRUE,FALSE,TRUE,6,TRUE,TRUE,TRUE,TRUE,TRUE,FALSE,FALSE,TRUE,FALSE,FALSE,11,TRUE,FALSE,TRUE,FALSE,TRUE,TRUE,FALSE,TRUE,TRUE,TRUE,TRUE,FALSE,FALSE,FALSE,FALSE,FALSE,FALSE,TRUE,TRUE,TRUE,Alcune volte,Alcune volte,Sì,No,5,TRUE,TRUE,TRUE,TRUE,FALSE,FALSE,TRUE,FALSE,FALSE,1,TRUE,FALSE,FALSE,FALSE,FALSE,FALSE,3,5,1,5,5,4,1,5,4,2,1,4,3,2,1,"Sì, voglio rispondere all'ulteriore quesito",16,8,29,6,NA,NA,NA,NA,NA,NA,6,48,22,7,42,89,56,64,78,NA,45,121,637,NA,2022-09-20T11:59:00Z,TRUE,FALSE,22,22,NA,NA
237,NA,NA,main-q,interview,2022-09-20T11:57:22Z,78,Donna,NA,Diploma di maturità/certificato professionale,Pensionata/Pensionato,Sanità,NA,Positiva,4,7,7,7,4,7,4,4,Sì,Sì,Ogni comune/località dovrebbe insegnare la propria varietà di dialetto.,Il dialetto di un comune/località dovrebbe essere scelto come la singola varietà.,NA,Perché è giusto mantenere il parlato delle nostre origini,Prevalentemente in dialetto,Prevalentemente in italiano,Sì,Prevalentemente in italiano,Non ho figli minorenni,Prevalentemente in italiano,NA,"Sì, lo capisco molto bene",NA,"Sì, lo parlo molto bene",NA,Lo parlo qualche volta,NA,Sì,-9,NA,Per più di 10 anni,No,NA,NA,Sì,NA,NA,NA,NA,NA,NA,NA,NA,1,FALSE,TRUE,FALSE,FALSE,FALSE,FALSE,FALSE,FALSE,FALSE,FALSE,FALSE,FALSE,FALSE,FALSE,FALSE,1,FALSE,TRUE,FALSE,FALSE,FALSE,FALSE,FALSE,FALSE,FALSE,FALSE,1,FALSE,FALSE,FALSE,FALSE,FALSE,FALSE,FALSE,TRUE,FALSE,FALSE,FALSE,FALSE,FALSE,FALSE,FALSE,FALSE,FALSE,FALSE,FALSE,FALSE,Mai,Mai,Sì,No,1,FALSE,FALSE,FALSE,TRUE,FALSE,FALSE,FALSE,FALSE,FALSE,1,FALSE,FALSE,TRUE,FALSE,FALSE,FALSE,1,5,3,5,1,5,1,5,2,1,1,5,5,3,1,"Sì, voglio rispondere all'ulteriore quesito",104,13,22,9,NA,NA,NA,NA,NA,NA,10,71,50,27,38,74,55,109,97,NA,35,359,840,NA,2022-09-20T12:15:15Z,TRUE,FALSE,22,22,NA,NA
245,NA,NA,main-q,interview,2022-09-21T10:04:23Z,NA,NA,NA,NA,NA,NA,NA,NA,NA,NA,NA,NA,NA,NA,NA,NA,NA,NA,NA,NA,NA,NA,NA,NA,NA,NA,NA,NA,NA,NA,NA,NA,NA,NA,NA,Sì,339,NA,Per più di 10 anni,No,No,NA,No,NA,NA,Altro stato (specifichi),Romania,NA,NA,NA,NA,NA,NA,NA,NA,NA,NA,NA,NA,NA,NA,NA,NA,NA,NA,NA,NA,NA,NA,NA,NA,NA,NA,NA,NA,NA,NA,NA,NA,NA,NA,NA,NA,NA,NA,NA,NA,NA,NA,NA,NA,NA,NA,NA,NA,NA,NA,NA,NA,NA,NA,NA,NA,NA,NA,NA,NA,NA,NA,NA,NA,NA,NA,NA,NA,NA,NA,NA,NA,NA,NA,NA,NA,NA,NA,NA,NA,NA,NA,NA,NA,NA,NA,NA,NA,NA,10,3,11,2,3,NA,7,NA,NA,NA,NA,NA,NA,NA,NA,NA,NA,NA,NA,NA,NA,NA,29,NA,2022-09-21T10:05:00Z,TRUE,FALSE,7,7,Bologna,NA
247,NA,NA,main-q,interview,2022-09-21T12:39:56Z,31,Donna,NA,Dottorato di ricerca,Lavoratrice/Lavoratore,Ricerca scientifica e sviluppo,NA,Positiva,3,4,7,4,3,6,3,1,Sì,Sì,Ogni comune/località dovrebbe insegnare la propria varietà di dialetto.,Il dialetto di un comune/località dovrebbe essere scelto come la singola varietà.,NA,NA,Prevalentemente in italiano,Prevalentemente in italiano,No,NA,NA,NA,Prevalentemente in italiano,"No, per niente",NA,"No, per niente",NA,NA,"tedesco, inglese",Sì,2238,NA,Per più di 10 anni,No,NA,NA,Sì,NA,NA,NA,NA,NA,NA,NA,NA,NA,NA,NA,NA,NA,NA,NA,NA,NA,NA,NA,NA,NA,NA,NA,NA,NA,NA,NA,NA,NA,NA,NA,NA,NA,NA,NA,NA,NA,NA,NA,NA,NA,NA,NA,NA,NA,NA,NA,NA,NA,NA,NA,NA,NA,NA,NA,NA,NA,Mai,NA,NA,NA,NA,NA,NA,NA,NA,NA,NA,NA,NA,NA,NA,NA,NA,NA,NA,NA,NA,NA,NA,NA,NA,NA,NA,NA,NA,NA,NA,NA,NA,NA,NA,"No, voglio terminare il questionario ora",5,3,10,2,NA,NA,NA,NA,NA,NA,4,6,12,3,16,NA,NA,56,60,NA,10,NA,187,NA,2022-09-21T12:43:03Z,TRUE,FALSE,21,21,Pavia,NA
252,NA,NA,main-q,interview,2022-09-22T23:14:30Z,33,Uomo,NA,Laurea specialistica/magistrale,Lavoratrice/Lavoratore,Istruzione,NA,Indifferente,4,4,4,4,4,6,4,3,Sì,Sì,Ogni comune/località dovrebbe insegnare la propria varietà di dialetto.,Il dialetto di un comune/località dovrebbe essere scelto come la singola varietà.,NA,È un pezzo importante di patrimonio culturale,Prevalentemente in italiano,Prevalentemente in italiano,No,NA,NA,NA,Prevalentemente in italiano,Così così,NA,"Sì, ma molto poco",NA,Non lo parlo mai,Inglese,Sì,1076,NA,Per 1-5 anni,Sì,Sì,NA,No,3114,NA,NA,NA,NA,NA,NA,NA,0,FALSE,FALSE,FALSE,FALSE,FALSE,FALSE,FALSE,FALSE,FALSE,FALSE,FALSE,FALSE,FALSE,FALSE,FALSE,0,FALSE,FALSE,FALSE,FALSE,FALSE,FALSE,FALSE,FALSE,FALSE,FALSE,0,FALSE,FALSE,FALSE,FALSE,FALSE,FALSE,FALSE,FALSE,FALSE,FALSE,FALSE,FALSE,FALSE,FALSE,FALSE,FALSE,FALSE,FALSE,FALSE,FALSE,[NA] Not answered,Alcune volte,No,No,1,FALSE,FALSE,FALSE,FALSE,FALSE,FALSE,TRUE,FALSE,FALSE,1,TRUE,FALSE,FALSE,FALSE,FALSE,FALSE,3,5,3,5,4,5,1,5,3,3,1,5,5,3,1,"Sì, voglio rispondere all'ulteriore quesito",10,6,27,5,4,NA,NA,NA,NA,5,5,13,22,6,25,19,25,45,57,NA,23,131,428,NA,2022-09-22T23:21:38Z,TRUE,FALSE,22,22,Corbetta,Tradate
254,NA,NA,main-q,interview,2022-09-24T21:18:52Z,54,Donna,NA,Diploma di maturità/certificato professionale,Lavoratrice/Lavoratore,Istruzione,NA,Indifferente,2,2,7,4,1,6,6,4,Sì,No,NA,NA,Preferirei aggiungere una lingua straniera in più,NA,Prevalentemente in italiano,Prevalentemente in italiano,Sì,Prevalentemente in italiano,Prevalentemente in italiano,[NA] Not answered,NA,Così così,NA,"No, per niente",NA,NA,spagnolo e inglese,Sì,3283,NA,Per più di 10 anni,Sì,NA,NA,Sì,NA,NA,NA,NA,NA,NA,NA,NA,NA,NA,NA,NA,NA,NA,NA,NA,NA,NA,NA,NA,NA,NA,NA,NA,NA,NA,NA,NA,NA,NA,NA,NA,NA,NA,NA,NA,NA,NA,NA,NA,NA,NA,NA,NA,NA,NA,NA,NA,NA,NA,NA,NA,NA,NA,NA,NA,NA,Alcune volte,NA,NA,NA,NA,NA,NA,NA,NA,NA,NA,NA,NA,NA,NA,NA,NA,NA,NA,NA,1,5,1,5,2,5,1,5,2,1,1,5,5,2,1,"Sì, voglio rispondere all'ulteriore quesito",5,9,24,6,NA,NA,NA,NA,NA,NA,7,21,30,14,36,NA,NA,113,NA,24,39,328,454,NA,2022-09-24T21:29:48Z,TRUE,FALSE,22,22,Verbania,NA
255,NA,NA,main-q,interview,2022-09-24T21:41:30Z,NA,NA,NA,NA,NA,NA,NA,NA,NA,NA,NA,NA,NA,NA,NA,NA,NA,NA,NA,NA,NA,NA,NA,NA,NA,NA,NA,NA,NA,NA,NA,NA,NA,NA,NA,Sì,3283,NA,Per più di 10 anni,Sì,No,NA,No,NA,NA,Altro stato (specifichi),Canada,NA,NA,NA,NA,NA,NA,NA,NA,NA,NA,NA,NA,NA,NA,NA,NA,NA,NA,NA,NA,NA,NA,NA,NA,NA,NA,NA,NA,NA,NA,NA,NA,NA,NA,NA,NA,NA,NA,NA,NA,NA,NA,NA,NA,NA,NA,NA,NA,NA,NA,NA,NA,NA,NA,NA,NA,NA,NA,NA,NA,NA,NA,NA,NA,NA,NA,NA,NA,NA,NA,NA,NA,NA,NA,NA,NA,NA,NA,NA,NA,NA,NA,NA,NA,NA,NA,NA,NA,NA,151,9,33,8,13,NA,11,NA,NA,NA,NA,NA,NA,NA,NA,NA,NA,NA,NA,NA,NA,NA,77,NA,2022-09-24T21:45:15Z,TRUE,FALSE,7,7,Verbania,NA
256,NA,NA,main-q,interview,2022-09-24T21:46:30Z,55,Uomo,NA,Diploma di maturità/certificato professionale,Lavoratrice/Lavoratore,Amministrazione pubblica e difesa; assicurazione sociale obbligatoria,NA,Indifferente,3,3,4,4,4,4,4,4,Indifferente,No,NA,NA,Per andare verso una unica lingua nazionale,NA,Prevalentemente in italiano,Prevalentemente in italiano,No,NA,NA,NA,Prevalentemente in italiano,"Sì, lo capisco bene",NA,"No, per niente",NA,NA,"Inglese, francese, dialetto piacentino",Sì,3283,NA,Per più di 10 anni,Sì,Sì,NA,No,2279,NA,NA,NA,NA,NA,NA,NA,NA,NA,NA,NA,NA,NA,NA,NA,NA,NA,NA,NA,NA,NA,NA,NA,NA,NA,NA,NA,NA,NA,NA,NA,NA,NA,NA,NA,NA,NA,NA,NA,NA,NA,NA,NA,NA,NA,NA,NA,NA,NA,NA,NA,NA,NA,NA,NA,NA,Mai,NA,NA,NA,NA,NA,NA,NA,NA,NA,NA,NA,NA,NA,NA,NA,NA,NA,NA,NA,5,4,1,1,1,3,1,5,1,3,1,5,5,4,1,"Sì, voglio rispondere all'ulteriore quesito",4,3,12,3,4,NA,NA,NA,NA,7,10,52,49,8,55,NA,NA,168,NA,51,43,250,607,NA,2022-09-24T21:58:30Z,TRUE,FALSE,22,22,Verbania,Piacenza
257,NA,NA,main-q,interview,2022-09-25T08:33:58Z,63,Donna,NA,Diploma di maturità/certificato professionale,Lavoratrice/Lavoratore,Istruzione,NA,Indifferente,7,4,7,7,4,4,4,4,Sì,No,NA,NA,Ci sono alunni provenienti da altri paesi e si deve sare priorità alla lingua italiana,NA,Prevalentemente in italiano,Prevalentemente in italiano,Sì,Prevalentemente in italiano,Non ho figli minorenni,Prevalentemente in italiano,NA,"Sì, lo capisco molto bene",NA,"No, per niente",NA,NA,"Tedesco, dialetto tedesco altoatesino",Sì,238,NA,Per più di 10 anni,Sì,No,NA,No,NA,NA,Italia,NA,NA,NA,NA,NA,NA,NA,NA,NA,NA,NA,NA,NA,NA,NA,NA,NA,NA,NA,NA,NA,NA,NA,NA,NA,NA,NA,NA,NA,NA,NA,NA,NA,NA,NA,NA,NA,NA,NA,NA,NA,NA,NA,NA,NA,NA,NA,NA,NA,NA,NA,NA,NA,NA,Mai,NA,NA,NA,NA,NA,NA,NA,NA,NA,NA,NA,NA,NA,NA,NA,NA,NA,NA,NA,1,5,1,5,3,5,1,5,2,1,1,5,5,1,1,"Sì, voglio rispondere all'ulteriore quesito",9,12,27,4,6,NA,5,NA,NA,NA,6,25,26,17,48,NA,NA,57,NA,52,22,80,391,NA,2022-09-25T08:40:34Z,TRUE,FALSE,22,22,Baveno,NA
258,NA,NA,main-q,interview,2022-09-25T10:29:02Z,34,Uomo,NA,Laurea triennale,Lavoratrice/Lavoratore,"Attività artistiche, di intrattenimento e divertimento",NA,Indifferente,4,4,5,4,3,3,4,2,Indifferente,Indifference,Ogni comune/località dovrebbe insegnare la propria varietà di dialetto.,Si dovrebbe creare una nuova varietà basata sui dialetti dei vari comuni/località.,NA,NA,Prevalentemente in italiano,Prevalentemente in italiano,No,NA,NA,NA,Prevalentemente in italiano,Così così,NA,Così così,NA,Lo parlo raramente,NA,Sì,3283,NA,Per più di 10 anni,No,NA,NA,Sì,NA,NA,NA,NA,NA,NA,NA,NA,2,TRUE,FALSE,FALSE,FALSE,FALSE,FALSE,FALSE,FALSE,FALSE,FALSE,FALSE,FALSE,TRUE,FALSE,FALSE,1,TRUE,FALSE,FALSE,FALSE,FALSE,FALSE,FALSE,FALSE,FALSE,FALSE,2,TRUE,FALSE,FALSE,FALSE,FALSE,FALSE,FALSE,FALSE,FALSE,FALSE,TRUE,FALSE,FALSE,FALSE,FALSE,FALSE,FALSE,FALSE,FALSE,FALSE,Molto spesso,Alcune volte,No,No,0,FALSE,FALSE,FALSE,FALSE,FALSE,FALSE,FALSE,FALSE,FALSE,0,FALSE,FALSE,FALSE,FALSE,FALSE,FALSE,1,5,1,4,3,4,1,5,3,2,1,4,3,2,1,"Sì, voglio rispondere all'ulteriore quesito",5,7,27,12,NA,NA,NA,NA,NA,NA,5,39,27,9,19,65,26,48,38,NA,24,161,512,NA,2022-09-25T10:37:34Z,TRUE,FALSE,22,22,Verbania,NA
280,NA,NA,main-q,interview,2022-10-11T17:11:45Z,23,Donna,NA,Laurea triennale,Studentessa/Studente,NA,Linguistica (LM-39),Indifferente,4,4,6,6,3,5,4,4,Sì,Sì,Ogni comune/località dovrebbe insegnare la propria varietà di dialetto.,Il dialetto di un comune/località dovrebbe essere scelto come la singola varietà.,NA,Perché reputo il dialetto parte del patrimonio culturale locale.,Prevalentemente in italiano,Prevalentemente in italiano,No,NA,NA,NA,Prevalentemente in italiano,"Sì, lo capisco molto bene",NA,Così così,NA,Non lo parlo mai,"Inglese, tedesco, spagnolo e ho competenza passiva di dialetto austriaco (Salisburghese)",Sì,1517,NA,Per più di 10 anni,Sì,NA,NA,Sì,NA,NA,NA,NA,NA,NA,NA,NA,1,TRUE,FALSE,FALSE,FALSE,FALSE,FALSE,FALSE,FALSE,FALSE,FALSE,FALSE,FALSE,FALSE,FALSE,FALSE,1,TRUE,FALSE,FALSE,FALSE,FALSE,FALSE,FALSE,FALSE,FALSE,FALSE,3,FALSE,FALSE,FALSE,FALSE,FALSE,FALSE,FALSE,TRUE,TRUE,FALSE,TRUE,FALSE,FALSE,FALSE,FALSE,FALSE,FALSE,FALSE,FALSE,FALSE,Molto spesso,Alcune volte,No,No,3,TRUE,FALSE,TRUE,FALSE,FALSE,FALSE,TRUE,FALSE,FALSE,1,TRUE,FALSE,FALSE,FALSE,FALSE,FALSE,5,5,1,5,3,5,1,5,4,1,1,5,5,2,1,"Sì, voglio rispondere all'ulteriore quesito",204,7,28,5,NA,NA,NA,NA,NA,NA,5,58,22,6,58,58,28,60,64,NA,22,108,552,NA,2022-10-11T17:23:58Z,TRUE,FALSE,22,22,Guarene,NA
312,NA,NA,main-q,interview,2022-12-13T13:15:22Z,63,Uomo,NA,Dottorato di ricerca,Disoccupata/Disoccupato,Istruzione,NA,Indifferente,4,4,5,5,4,4,3,3,Sì,No,NA,NA,"Perché un dialetto, per sua natura, vive fuori dell'insegnamento: se ne rischia addirittura lo snaturamento. Questo non significa che i dialetti non debbano essere studiatie coltivati, ma non come materia di studio scolastica",NA,Prevalentemente in dialetto,Prevalentemente in dialetto,Sì,Prevalentemente in italiano,[NA] Not answered,Prevalentemente in italiano,NA,NA,"Sì, lo capisco molto bene",NA,"Sì, lo parlo bene",Lo parlo raramente,Veneto (madrelingua),No,NA,NA,NA,NA,NA,Sì,NA,1776,NA,NA,NA,NA,NA,NA,NA,3,FALSE,TRUE,FALSE,TRUE,FALSE,FALSE,FALSE,TRUE,FALSE,FALSE,FALSE,FALSE,FALSE,FALSE,FALSE,1,FALSE,TRUE,FALSE,FALSE,FALSE,FALSE,FALSE,FALSE,FALSE,FALSE,3,FALSE,FALSE,TRUE,FALSE,TRUE,FALSE,FALSE,TRUE,FALSE,FALSE,FALSE,FALSE,FALSE,FALSE,FALSE,FALSE,FALSE,FALSE,FALSE,FALSE,Alcune volte,Alcune volte,Sì,No,6,TRUE,FALSE,TRUE,TRUE,TRUE,TRUE,TRUE,FALSE,FALSE,1,TRUE,FALSE,FALSE,FALSE,FALSE,FALSE,2,3,2,4,4,5,1,5,4,3,1,4,5,3,1,"Sì, voglio rispondere all'ulteriore quesito",140,8,NA,NA,NA,7,NA,NA,NA,15,16,22,36,21,35,158,71,135,NA,118,40,352,821,NA,2022-12-13T13:34:56Z,TRUE,FALSE,22,22,NA,Mariano Comense
341,NA,NA,main-q,interview,2022-12-13T13:40:36Z,27,Donna,NA,Laurea specialistica/magistrale,Lavoratrice/Lavoratore,Ricerca scientifica e sviluppo,[NA] Not answered,Indifferente,5,3,6,4,4,6,4,5,Sì,Sì,Una unica varietà di dialetto dovrebbe essere insegnata su un territorio più grande.,Si dovrebbe creare una nuova varietà basata sui dialetti dei vari comuni/località.,NA,Perché potrebbe aiutare a sviluppare bilinguismo e competenze metalinguistiche,Prevalentemente in italiano,Prevalentemente in italiano,No,NA,NA,NA,Prevalentemente in italiano,"Sì, lo capisco molto bene",NA,Così così,NA,Lo parlo raramente,Inglese e francese,Sì,1091,NA,Per più di 10 anni,Sì,NA,NA,Sì,NA,NA,NA,NA,NA,NA,NA,NA,1,TRUE,FALSE,FALSE,FALSE,FALSE,FALSE,FALSE,FALSE,FALSE,FALSE,FALSE,FALSE,FALSE,FALSE,FALSE,1,TRUE,FALSE,FALSE,FALSE,FALSE,FALSE,FALSE,FALSE,FALSE,FALSE,2,FALSE,FALSE,FALSE,FALSE,FALSE,TRUE,FALSE,TRUE,FALSE,FALSE,FALSE,FALSE,FALSE,FALSE,FALSE,FALSE,FALSE,FALSE,FALSE,FALSE,Spesso,Alcune volte,Sì,No,2,FALSE,FALSE,TRUE,TRUE,FALSE,FALSE,FALSE,FALSE,FALSE,1,TRUE,FALSE,FALSE,FALSE,FALSE,FALSE,2,5,2,5,2,5,1,5,5,1,1,5,5,2,1,"Sì, voglio rispondere all'ulteriore quesito",34,7,22,4,NA,NA,NA,NA,NA,NA,6,20,17,3,21,33,14,40,48,NA,17,61,347,NA,2022-12-13T13:46:23Z,TRUE,FALSE,22,22,Correggio,NA
343,NA,NA,main-q,interview,2022-12-13T13:43:28Z,NA,NA,NA,NA,Lavoratrice/Lavoratore,[NA] Not answered,NA,NA,NA,NA,NA,NA,NA,NA,NA,NA,NA,NA,NA,NA,NA,NA,NA,NA,NA,NA,NA,NA,NA,NA,NA,NA,NA,NA,NA,Sì,-9,NA,[NA] Not answered,[NA] Not answered,Sì,NA,[NA] Not answered,-9,NA,NA,NA,NA,NA,NA,NA,NA,NA,NA,NA,NA,NA,NA,NA,NA,NA,NA,NA,NA,NA,NA,NA,NA,NA,NA,NA,NA,NA,NA,NA,NA,NA,NA,NA,NA,NA,NA,NA,NA,NA,NA,NA,NA,NA,NA,NA,NA,NA,NA,NA,NA,NA,NA,NA,NA,NA,NA,NA,NA,NA,NA,NA,NA,NA,NA,NA,NA,NA,NA,NA,NA,NA,NA,NA,NA,NA,NA,NA,NA,NA,NA,NA,NA,NA,NA,NA,NA,NA,NA,NA,NA,107,3,8,2,5,NA,NA,NA,NA,2,4,2,NA,NA,NA,NA,NA,NA,NA,NA,NA,NA,133,NA,2022-12-13T13:45:41Z,FALSE,FALSE,12,12,NA,NA
344,NA,NA,main-q,interview,2022-12-13T13:46:13Z,NA,NA,NA,NA,Lavoratrice/Lavoratore,Ricerca scientifica e sviluppo,NA,NA,NA,NA,NA,NA,NA,NA,NA,NA,NA,NA,NA,NA,NA,NA,Prevalentemente in italiano,Prevalentemente in italiano,No,NA,NA,NA,Prevalentemente in italiano,Così così,NA,"No, per niente",NA,NA,"Un dialetto centro-meridionale, inglese, francese",Sì,-9,NA,Per più di 10 anni,No,Sì,NA,No,1867,NA,NA,NA,NA,NA,NA,NA,NA,NA,NA,NA,NA,NA,NA,NA,NA,NA,NA,NA,NA,NA,NA,NA,NA,NA,NA,NA,NA,NA,NA,NA,NA,NA,NA,NA,NA,NA,NA,NA,NA,NA,NA,NA,NA,NA,NA,NA,NA,NA,NA,NA,NA,NA,NA,NA,NA,Alcune volte,NA,NA,NA,NA,NA,NA,NA,NA,NA,NA,NA,NA,NA,NA,NA,NA,NA,NA,NA,NA,NA,NA,NA,NA,NA,NA,NA,NA,NA,NA,NA,NA,NA,NA,NA,371,4,12,7,4,NA,NA,NA,NA,5,4,12,14,3,30,NA,NA,1,NA,NA,NA,NA,119,NA,2022-12-13T13:54:01Z,FALSE,FALSE,15,18,NA,Milano
349,NA,NA,main-q,interview,2022-12-13T14:25:47Z,NA,NA,NA,NA,NA,NA,NA,NA,NA,NA,NA,NA,NA,NA,NA,NA,NA,NA,NA,NA,NA,NA,NA,NA,NA,NA,NA,NA,NA,NA,NA,NA,NA,NA,NA,Sì,339,NA,Per meno di 1 anno,No,No,NA,No,NA,NA,NA,NA,NA,NA,NA,NA,NA,NA,NA,NA,NA,NA,NA,NA,NA,NA,NA,NA,NA,NA,NA,NA,NA,NA,NA,NA,NA,NA,NA,NA,NA,NA,NA,NA,NA,NA,NA,NA,NA,NA,NA,NA,NA,NA,NA,NA,NA,NA,NA,NA,NA,NA,NA,NA,NA,NA,NA,NA,NA,NA,NA,NA,NA,NA,NA,NA,NA,NA,NA,NA,NA,NA,NA,NA,NA,NA,NA,NA,NA,NA,NA,NA,NA,NA,NA,NA,NA,NA,NA,NA,NA,7,6,20,4,3,NA,NA,NA,NA,NA,NA,NA,NA,NA,NA,NA,NA,NA,NA,NA,NA,NA,40,NA,2022-12-13T14:26:27Z,FALSE,FALSE,5,5,Bologna,NA
353,NA,NA,main-q,interview,2022-12-13T14:55:00Z,NA,[NA] Not answered,NA,Dottorato di ricerca,Lavoratrice/Lavoratore,Servizi IT e altri servizi informativi,NA,Positiva,4,4,7,5,3,7,3,4,Sì,Sì,Ogni comune/località dovrebbe insegnare la propria varietà di dialetto.,Il dialetto di un comune/località dovrebbe essere scelto come la singola varietà.,NA,"Per rafforzare il senso di comunità, la coesione intergenerazionale e l'identità territoriale",Prevalentemente in italiano,Prevalentemente in italiano,No,NA,NA,NA,In italiano e in dialetto in stessa misura,"Sì, lo capisco molto bene",NA,"Sì, lo parlo molto bene",NA,Lo parlo raramente,"inglese, francese, spagnolo",Sì,1985,NA,Per 5-10 anni,Sì,NA,NA,Sì,NA,NA,NA,NA,NA,NA,NA,NA,2,TRUE,FALSE,FALSE,FALSE,FALSE,FALSE,FALSE,FALSE,FALSE,FALSE,FALSE,FALSE,TRUE,FALSE,FALSE,3,TRUE,TRUE,TRUE,FALSE,FALSE,FALSE,FALSE,FALSE,FALSE,FALSE,5,TRUE,FALSE,FALSE,FALSE,FALSE,FALSE,FALSE,TRUE,TRUE,TRUE,TRUE,FALSE,FALSE,FALSE,FALSE,FALSE,FALSE,FALSE,FALSE,FALSE,Alcune volte,Alcune volte,Sì,No,6,TRUE,TRUE,TRUE,TRUE,TRUE,TRUE,FALSE,FALSE,FALSE,1,TRUE,FALSE,FALSE,FALSE,FALSE,FALSE,1,5,1,5,2,5,1,4,3,1,1,4,5,2,1,"Sì, voglio rispondere all'ulteriore quesito",29,5,40,4,NA,NA,NA,NA,NA,NA,4,7,31,21,24,66,47,65,89,NA,19,116,567,NA,2022-12-13T15:04:27Z,TRUE,FALSE,22,22,Montescudo-Monte Co,NA
356,NA,NA,main-q,interview,2022-12-13T15:14:08Z,NA,NA,NA,NA,NA,NA,NA,NA,NA,NA,NA,NA,NA,NA,NA,NA,NA,NA,NA,NA,NA,NA,NA,NA,NA,NA,NA,NA,NA,NA,NA,NA,NA,NA,NA,No,NA,NA,NA,NA,NA,Sì,NA,3140,NA,NA,NA,NA,NA,NA,NA,NA,NA,NA,NA,NA,NA,NA,NA,NA,NA,NA,NA,NA,NA,NA,NA,NA,NA,NA,NA,NA,NA,NA,NA,NA,NA,NA,NA,NA,NA,NA,NA,NA,NA,NA,NA,NA,NA,NA,NA,NA,NA,NA,NA,NA,NA,NA,NA,NA,NA,NA,NA,NA,NA,NA,NA,NA,NA,NA,NA,NA,NA,NA,NA,NA,NA,NA,NA,NA,NA,NA,NA,NA,NA,NA,NA,NA,NA,NA,NA,NA,NA,NA,NA,NA,24,6,NA,NA,NA,17,NA,NA,NA,163,NA,NA,NA,NA,NA,NA,NA,NA,NA,NA,NA,NA,42,NA,2022-12-13T15:17:38Z,FALSE,FALSE,10,10,NA,Treviso Bresciano
363,NA,NA,main-q,interview,2022-12-13T17:42:27Z,NA,NA,NA,NA,NA,NA,NA,NA,NA,NA,NA,NA,NA,NA,NA,NA,NA,NA,NA,NA,NA,NA,NA,NA,NA,NA,NA,NA,NA,NA,NA,NA,NA,NA,NA,No,NA,NA,NA,NA,NA,NA,NA,NA,NA,NA,NA,NA,NA,NA,NA,NA,NA,NA,NA,NA,NA,NA,NA,NA,NA,NA,NA,NA,NA,NA,NA,NA,NA,NA,NA,NA,NA,NA,NA,NA,NA,NA,NA,NA,NA,NA,NA,NA,NA,NA,NA,NA,NA,NA,NA,NA,NA,NA,NA,NA,NA,NA,NA,NA,NA,NA,NA,NA,NA,NA,NA,NA,NA,NA,NA,NA,NA,NA,NA,NA,NA,NA,NA,NA,NA,NA,NA,NA,NA,NA,NA,NA,NA,NA,NA,NA,NA,NA,NA,NA,3,8,NA,NA,NA,NA,NA,NA,NA,NA,NA,NA,NA,NA,NA,NA,NA,NA,NA,NA,NA,NA,11,NA,2022-12-13T17:42:39Z,FALSE,FALSE,2,2,NA,NA
367,NA,NA,main-q,interview,2022-12-13T19:09:00Z,35,Donna,NA,Dottorato di ricerca,Lavoratrice/Lavoratore,Ricerca scientifica e sviluppo,NA,Indifferente,4,4,5,4,4,4,3,4,Sì,No,NA,NA,"Perché costerebbe troppo allo stato la formazione degli insegnanti. Inoltre, in alcune località dell'area galloromanza sono presenti varietà dialettali molto diverse tra loro anche nella stessa regione amministrativa: il dialetto lombardo che si parla a Bellinzona è molto differente da quello che si parla a Mantova",NA,In italiano e in dialetto con la stessa frequenza,Prevalentemente in italiano,Sì,Prevalentemente in italiano,Prevalentemente in italiano,Non ho figli maggiorenni,NA,"Sì, lo capisco bene",NA,Così così,NA,Lo parlo qualche volta,NA,Sì,2089,NA,Per 5-10 anni,Sì,NA,NA,Sì,NA,NA,NA,NA,NA,NA,NA,NA,5,TRUE,TRUE,FALSE,FALSE,FALSE,FALSE,FALSE,FALSE,TRUE,FALSE,TRUE,FALSE,TRUE,FALSE,FALSE,6,FALSE,TRUE,TRUE,FALSE,TRUE,FALSE,FALSE,TRUE,TRUE,TRUE,5,TRUE,FALSE,FALSE,FALSE,FALSE,FALSE,FALSE,TRUE,TRUE,TRUE,FALSE,FALSE,FALSE,FALSE,FALSE,FALSE,FALSE,FALSE,TRUE,FALSE,50/50,Alcune volte,Sì,No,9,TRUE,TRUE,TRUE,TRUE,TRUE,TRUE,TRUE,TRUE,TRUE,2,FALSE,FALSE,FALSE,TRUE,TRUE,FALSE,2,5,1,5,5,5,1,5,2,1,1,5,5,1,1,"Sì, voglio rispondere all'ulteriore quesito",24,6,27,8,NA,NA,NA,NA,NA,NA,4,16,25,14,29,89,56,46,NA,218,20,125,540,NA,2022-12-13T19:20:47Z,TRUE,FALSE,22,22,Novara,NA
370,NA,NA,main-q,interview,2022-12-13T22:43:35Z,NA,NA,NA,NA,NA,NA,NA,NA,NA,NA,NA,NA,NA,NA,NA,NA,NA,NA,NA,NA,NA,NA,NA,NA,NA,NA,NA,NA,NA,NA,NA,NA,NA,NA,NA,Sì,NA,NA,NA,NA,NA,NA,NA,NA,NA,NA,NA,NA,NA,NA,NA,NA,NA,NA,NA,NA,NA,NA,NA,NA,NA,NA,NA,NA,NA,NA,NA,NA,NA,NA,NA,NA,NA,NA,NA,NA,NA,NA,NA,NA,NA,NA,NA,NA,NA,NA,NA,NA,NA,NA,NA,NA,NA,NA,NA,NA,NA,NA,NA,NA,NA,NA,NA,NA,NA,NA,NA,NA,NA,NA,NA,NA,NA,NA,NA,NA,NA,NA,NA,NA,NA,NA,NA,NA,NA,NA,NA,NA,NA,NA,NA,NA,NA,NA,NA,NA,26,3,NA,NA,NA,NA,NA,NA,NA,NA,NA,NA,NA,NA,NA,NA,NA,NA,NA,NA,NA,NA,29,NA,2022-12-13T22:44:06Z,FALSE,FALSE,2,2,NA,NA
375,NA,NA,main-q,interview,2022-12-13T23:12:59Z,26,Donna,NA,Laurea triennale,Studentessa/Studente,NA,Scienze della comunicazione (L-20),Indifferente,3,3,6,6,3,5,4,2,Sì,Indifference,Una unica varietà di dialetto dovrebbe essere insegnata su un territorio più grande.,Si dovrebbe creare una nuova varietà basata sui dialetti dei vari comuni/località.,NA,NA,Prevalentemente in italiano,Prevalentemente in italiano,No,NA,NA,NA,Prevalentemente in italiano,"Sì, lo capisco bene",NA,Così così,NA,[NA] Not answered,"Inglese, spagnolo",Sì,-9,NA,Per più di 10 anni,Sì,Sì,NA,No,2497,NA,NA,NA,NA,NA,NA,NA,3,TRUE,FALSE,FALSE,TRUE,FALSE,FALSE,FALSE,FALSE,FALSE,FALSE,FALSE,FALSE,TRUE,FALSE,FALSE,1,TRUE,FALSE,FALSE,FALSE,FALSE,FALSE,FALSE,FALSE,FALSE,FALSE,5,TRUE,FALSE,FALSE,FALSE,FALSE,FALSE,TRUE,TRUE,TRUE,TRUE,FALSE,FALSE,FALSE,FALSE,FALSE,FALSE,FALSE,FALSE,FALSE,FALSE,Spesso,[NA] Not answered,Sì,No,4,FALSE,FALSE,TRUE,TRUE,TRUE,TRUE,FALSE,FALSE,FALSE,1,TRUE,FALSE,FALSE,FALSE,FALSE,FALSE,3,5,1,5,5,5,1,5,5,3,1,4,5,2,1,"Sì, voglio rispondere all'ulteriore quesito",49,5,14,7,6,NA,NA,NA,NA,12,4,34,13,7,22,47,22,41,25,NA,22,88,418,NA,2022-12-13T23:19:57Z,TRUE,FALSE,22,22,NA,Ravenna
376,NA,NA,main-q,interview,2022-12-14T01:13:38Z,31,Uomo,NA,Dottorato di ricerca,Lavoratrice/Lavoratore,Istruzione,NA,Positiva,2,4,4,3,2,6,4,3,Sì,Sì,Una unica varietà di dialetto dovrebbe essere insegnata su un territorio più grande.,Il dialetto di un comune/località dovrebbe essere scelto come la singola varietà.,NA,NA,Prevalentemente in italiano,Prevalentemente in italiano,No,NA,NA,NA,Prevalentemente in italiano,"Sì, lo capisco bene",NA,Così così,NA,Lo parlo qualche volta,"Inglese, francese",Sì,1190,NA,Per più di 10 anni,No,NA,NA,Sì,NA,NA,NA,NA,NA,NA,NA,NA,2,TRUE,FALSE,FALSE,FALSE,FALSE,FALSE,FALSE,FALSE,FALSE,FALSE,FALSE,FALSE,TRUE,FALSE,FALSE,2,TRUE,TRUE,FALSE,FALSE,FALSE,FALSE,FALSE,FALSE,FALSE,FALSE,6,TRUE,FALSE,FALSE,FALSE,TRUE,FALSE,FALSE,TRUE,TRUE,FALSE,TRUE,FALSE,FALSE,FALSE,FALSE,FALSE,FALSE,FALSE,FALSE,TRUE,50/50,50/50,No,No,4,TRUE,TRUE,TRUE,TRUE,FALSE,FALSE,FALSE,FALSE,FALSE,1,TRUE,FALSE,FALSE,FALSE,FALSE,FALSE,5,4,3,5,5,5,1,5,5,2,1,5,5,2,1,"Sì, voglio rispondere all'ulteriore quesito",58,5,17,7,NA,NA,NA,NA,NA,NA,4,17,20,9,21,53,28,65,60,NA,47,75,486,NA,2022-12-14T01:21:44Z,TRUE,FALSE,22,22,Darfo Boario Terme,NA
382,NA,NA,main-q,interview,2022-12-14T09:13:05Z,28,Donna,NA,Dottorato di ricerca,Lavoratrice/Lavoratore,Servizi IT e altri servizi informativi,NA,Indifferente,3,4,6,5,2,5,4,2,Sì,Sì,Ogni comune/località dovrebbe insegnare la propria varietà di dialetto.,Si dovrebbe creare una nuova varietà basata sui dialetti dei vari comuni/località.,NA,"Per ricchezza linguistica, per sapere esprimere concetti in modalità diverse, anche concetti che potrebbero non trovare un corrispettivo linguistico esatto nella lingua nazionale",In italiano e in dialetto con la stessa frequenza,Prevalentemente in italiano,No,NA,NA,NA,Prevalentemente in italiano,"Sì, lo capisco bene",NA,Così così,NA,Lo parlo qualche volta,"inglese, francese, spagnolo, portoghese",Sì,3079,NA,Per più di 10 anni,No,Sì,NA,No,959,NA,NA,NA,NA,NA,NA,NA,2,TRUE,FALSE,FALSE,FALSE,FALSE,FALSE,FALSE,FALSE,FALSE,TRUE,FALSE,FALSE,FALSE,FALSE,FALSE,2,TRUE,FALSE,FALSE,TRUE,FALSE,FALSE,FALSE,FALSE,FALSE,FALSE,9,TRUE,TRUE,FALSE,FALSE,TRUE,TRUE,FALSE,TRUE,TRUE,FALSE,TRUE,FALSE,FALSE,TRUE,FALSE,FALSE,FALSE,FALSE,TRUE,FALSE,Spesso,Spesso,No,No,7,FALSE,TRUE,TRUE,TRUE,TRUE,TRUE,TRUE,TRUE,FALSE,1,TRUE,FALSE,FALSE,FALSE,FALSE,FALSE,4,5,1,5,4,5,2,5,4,1,2,5,4,1,1,"Sì, voglio rispondere all'ulteriore quesito",35,4,19,4,3,NA,NA,NA,NA,5,3,10,13,7,24,58,49,42,170,NA,20,101,454,NA,2022-12-14T09:22:34Z,TRUE,FALSE,22,22,Torino,Chieri
383,NA,NA,main-q,interview,2022-12-14T10:14:53Z,NA,NA,NA,NA,NA,NA,NA,NA,NA,NA,NA,NA,NA,NA,NA,NA,NA,NA,NA,NA,NA,NA,NA,NA,NA,NA,NA,NA,NA,NA,NA,NA,NA,NA,NA,Sì,NA,NA,NA,NA,NA,NA,NA,NA,NA,NA,NA,NA,NA,NA,NA,NA,NA,NA,NA,NA,NA,NA,NA,NA,NA,NA,NA,NA,NA,NA,NA,NA,NA,NA,NA,NA,NA,NA,NA,NA,NA,NA,NA,NA,NA,NA,NA,NA,NA,NA,NA,NA,NA,NA,NA,NA,NA,NA,NA,NA,NA,NA,NA,NA,NA,NA,NA,NA,NA,NA,NA,NA,NA,NA,NA,NA,NA,NA,NA,NA,NA,NA,NA,NA,NA,NA,NA,NA,NA,NA,NA,NA,NA,NA,NA,NA,NA,NA,NA,NA,6,8,NA,NA,NA,NA,NA,NA,NA,NA,NA,NA,NA,NA,NA,NA,NA,NA,NA,NA,NA,NA,14,NA,2022-12-14T10:15:07Z,FALSE,FALSE,2,2,NA,NA
391,NA,NA,main-q,interview,2022-12-14T14:44:25Z,NA,NA,NA,NA,NA,NA,NA,NA,NA,NA,NA,NA,NA,NA,NA,NA,NA,NA,NA,NA,NA,NA,NA,NA,NA,NA,NA,NA,NA,NA,NA,NA,NA,NA,NA,Sì,-9,NA,Per 1-5 anni,No,No,NA,No,NA,NA,Altro stato (specifichi),Croatia,NA,NA,NA,NA,NA,NA,NA,NA,NA,NA,NA,NA,NA,NA,NA,NA,NA,NA,NA,NA,NA,NA,NA,NA,NA,NA,NA,NA,NA,NA,NA,NA,NA,NA,NA,NA,NA,NA,NA,NA,NA,NA,NA,NA,NA,NA,NA,NA,NA,NA,NA,NA,NA,NA,NA,NA,NA,NA,NA,NA,NA,NA,NA,NA,NA,NA,NA,NA,NA,NA,NA,NA,NA,NA,NA,NA,NA,NA,NA,NA,NA,NA,NA,NA,NA,NA,NA,NA,NA,21,15,16,8,13,NA,9,NA,NA,NA,NA,NA,NA,NA,NA,NA,NA,NA,NA,NA,NA,NA,57,NA,2022-12-14T14:45:48Z,TRUE,FALSE,7,7,NA,NA
393,NA,NA,main-q,interview,2022-12-14T14:51:46Z,NA,NA,NA,NA,NA,NA,NA,NA,NA,NA,NA,NA,NA,NA,NA,NA,NA,NA,NA,NA,NA,NA,NA,NA,NA,NA,NA,NA,NA,NA,NA,NA,NA,NA,NA,Sì,NA,NA,NA,NA,NA,NA,NA,NA,NA,NA,NA,NA,NA,NA,NA,NA,NA,NA,NA,NA,NA,NA,NA,NA,NA,NA,NA,NA,NA,NA,NA,NA,NA,NA,NA,NA,NA,NA,NA,NA,NA,NA,NA,NA,NA,NA,NA,NA,NA,NA,NA,NA,NA,NA,NA,NA,NA,NA,NA,NA,NA,NA,NA,NA,NA,NA,NA,NA,NA,NA,NA,NA,NA,NA,NA,NA,NA,NA,NA,NA,NA,NA,NA,NA,NA,NA,NA,NA,NA,NA,NA,NA,NA,NA,NA,NA,NA,NA,NA,NA,39,9,NA,NA,NA,NA,NA,NA,NA,NA,NA,NA,NA,NA,NA,NA,NA,NA,NA,NA,NA,NA,48,NA,2022-12-14T14:52:34Z,FALSE,FALSE,2,2,NA,NA
400,NA,NA,main-q,interview,2022-12-15T10:14:04Z,55,Uomo,NA,Diploma di maturità/certificato professionale,Lavoratrice/Lavoratore,Altre attività di servizi,NA,Indifferente,3,4,4,4,3,5,3,4,Indifferente,Indifference,[NA] Not answered,[NA] Not answered,NA,NA,Prevalentemente in italiano,Prevalentemente in italiano,Sì,Prevalentemente in italiano,Prevalentemente in italiano,Prevalentemente in italiano,NA,"Sì, lo capisco bene",NA,"Sì, ma molto poco",NA,Lo parlo raramente,Inglese,Sì,66,NA,Per più di 10 anni,No,NA,NA,Sì,NA,NA,NA,NA,NA,NA,NA,NA,1,FALSE,FALSE,TRUE,FALSE,FALSE,FALSE,FALSE,FALSE,FALSE,FALSE,FALSE,FALSE,FALSE,FALSE,FALSE,1,FALSE,TRUE,FALSE,FALSE,FALSE,FALSE,FALSE,FALSE,FALSE,FALSE,1,TRUE,FALSE,FALSE,FALSE,FALSE,FALSE,FALSE,FALSE,FALSE,FALSE,FALSE,FALSE,FALSE,FALSE,FALSE,FALSE,FALSE,FALSE,FALSE,FALSE,Spesso,Alcune volte,No,No,0,FALSE,FALSE,FALSE,FALSE,FALSE,FALSE,FALSE,FALSE,FALSE,0,FALSE,FALSE,FALSE,FALSE,FALSE,FALSE,2,5,1,5,3,5,1,5,4,1,1,5,5,1,1,"Sì, voglio rispondere all'ulteriore quesito",58,6,50,6,NA,NA,NA,NA,NA,NA,8,46,37,19,34,77,46,52,20,NA,32,221,712,NA,2022-12-15T10:25:56Z,TRUE,FALSE,22,22,Alluvioni Piovera,NA
401,NA,NA,main-q,interview,2022-12-16T15:22:00Z,31,Donna,NA,Dottorato di ricerca,Studentessa/Studente,NA,Linguistica (LM-39),Indifferente,3,4,4,3,4,4,4,3,Sì,No,NA,NA,"mi e' difficile considerare questa domanda in maniera assoluta senza guardare al contesto sociale locale. nel mio comune di origine chi supporta l'uso del dialetto nelle istituzioni pubbliche sono gruppi politici di estrema destra. spesso queste iniziative hanno un chiaro messaggio anti-migranti. non sono contraria all'insegnamento del dialetto a scuola in assoluto, ma nei posti dove ho visto la gente proporlo non veniva mai fatto senza questa componente escludente (e.g. conferenze stampa dove si diceva apertamente di dover insegnare il dialetto per mantenere le radici cristiane locali e arginare l'arrivo dei migranti nord africani)",NA,Prevalentemente in italiano,Prevalentemente in italiano,No,NA,NA,NA,Prevalentemente in italiano,NA,Così così,NA,"No, per niente",NA,"Inglese, spagnolo, russo, kazako",No,NA,NA,NA,NA,NA,Sì,NA,498,NA,NA,NA,NA,NA,NA,NA,NA,NA,NA,NA,NA,NA,NA,NA,NA,NA,NA,NA,NA,NA,NA,NA,NA,NA,NA,NA,NA,NA,NA,NA,NA,NA,NA,NA,NA,NA,NA,NA,NA,NA,NA,NA,NA,NA,NA,NA,NA,NA,NA,NA,NA,NA,NA,NA,NA,Mai,NA,NA,NA,NA,NA,NA,NA,NA,NA,NA,NA,NA,NA,NA,NA,NA,NA,NA,NA,4,5,2,5,5,5,3,5,5,3,2,5,5,2,2,"Sì, voglio rispondere all'ulteriore quesito",25,4,NA,NA,NA,4,NA,NA,NA,14,6,40,20,5,39,NA,NA,60,NA,218,15,115,398,NA,2022-12-16T15:31:26Z,TRUE,FALSE,22,22,NA,Busto Arsizio
406,NA,NA,main-q,interview,2022-12-18T15:04:01Z,36,Donna,NA,Laurea specialistica/magistrale,Lavoratrice/Lavoratore,"Altre attività professionali, scientifiche e tecniche",NA,Indifferente,2,4,3,5,4,4,4,1,Sì,Sì,Una unica varietà di dialetto dovrebbe essere insegnata su un territorio più grande.,Il dialetto di un comune/località dovrebbe essere scelto come la singola varietà.,NA,Per sensibilizzare i bambini al multilinguismo e all'importanza delle radici. Però non insegnerei una singola varietà ma la molteplicità delle realizzazioni.,Prevalentemente in italiano,Prevalentemente in italiano,No,NA,NA,NA,Prevalentemente in italiano,"Sì, lo capisco molto bene",NA,Così così,NA,Lo parlo qualche volta,"Inglese, Francese, Tedesco, Spagnolo",Sì,3286,NA,Per più di 10 anni,Sì,Sì,NA,No,1409,NA,NA,NA,NA,NA,NA,NA,3,TRUE,FALSE,FALSE,FALSE,FALSE,FALSE,FALSE,TRUE,FALSE,FALSE,FALSE,FALSE,TRUE,FALSE,FALSE,2,TRUE,FALSE,FALSE,TRUE,FALSE,FALSE,FALSE,FALSE,FALSE,FALSE,2,FALSE,FALSE,FALSE,FALSE,FALSE,FALSE,FALSE,TRUE,FALSE,FALSE,TRUE,FALSE,FALSE,FALSE,FALSE,FALSE,FALSE,FALSE,FALSE,FALSE,Spesso,Molto spesso,No,No,3,FALSE,FALSE,FALSE,TRUE,TRUE,TRUE,FALSE,FALSE,FALSE,1,TRUE,FALSE,FALSE,FALSE,FALSE,FALSE,3,4,4,5,5,5,1,5,4,2,1,5,5,2,1,"Sì, voglio rispondere all'ulteriore quesito",12,4,14,4,4,NA,NA,NA,NA,4,4,19,15,6,19,48,19,38,52,NA,16,58,336,NA,2022-12-18T15:09:37Z,TRUE,FALSE,22,22,Vercelli,Gattinara
408,NA,NA,main-q,interview,2022-12-19T13:59:24Z,59,Donna,NA,Licenza di scuola media,Lavoratrice/Lavoratore,Altre attività di servizi,NA,Positiva,4,4,7,4,4,4,4,4,Sì,Sì,Ogni comune/località dovrebbe insegnare la propria varietà di dialetto.,Il dialetto di un comune/località dovrebbe essere scelto come la singola varietà.,NA,Per non perdere una lingua antica di appartenenza,In italiano e in dialetto con la stessa frequenza,Prevalentemente in italiano,Sì,Prevalentemente in italiano,Non ho figli minorenni,Prevalentemente in italiano,NA,"Sì, lo capisco molto bene",NA,Così così,NA,Lo parlo raramente,Calabrese,Sì,3283,NA,Per più di 10 anni,Sì,NA,NA,Sì,NA,NA,NA,NA,NA,NA,NA,NA,1,FALSE,TRUE,FALSE,FALSE,FALSE,FALSE,FALSE,FALSE,FALSE,FALSE,FALSE,FALSE,FALSE,FALSE,FALSE,1,TRUE,FALSE,FALSE,FALSE,FALSE,FALSE,FALSE,FALSE,FALSE,FALSE,1,FALSE,FALSE,FALSE,FALSE,FALSE,FALSE,FALSE,TRUE,FALSE,FALSE,FALSE,FALSE,FALSE,FALSE,FALSE,FALSE,FALSE,FALSE,FALSE,FALSE,Spesso,Alcune volte,Sì,No,1,FALSE,FALSE,TRUE,FALSE,FALSE,FALSE,FALSE,FALSE,FALSE,1,TRUE,FALSE,FALSE,FALSE,FALSE,FALSE,1,5,3,5,3,5,1,5,1,1,1,5,5,1,1,"Sì, voglio rispondere all'ulteriore quesito",19,10,54,11,NA,NA,NA,NA,NA,NA,10,121,44,31,44,101,88,98,97,NA,31,351,748,NA,2022-12-19T14:17:54Z,TRUE,FALSE,22,22,Verbania,NA
412,NA,NA,main-q,interview,2022-12-19T14:20:25Z,63,Donna,NA,Diploma di maturità/certificato professionale,Pensionata/Pensionato,"Fornitura di energia elettrica, gas, vapore, aria condizionata, e acqua; reti fognarie.",NA,Indifferente,-9,-9,-9,-9,-9,7,-9,-9,Sì,No,NA,NA,Perché' potrebbe rendere più complicato l'apprendimento della lingua italiana,NA,Prevalentemente in italiano,Prevalentemente in italiano,Sì,Prevalentemente in italiano,Prevalentemente in italiano,Prevalentemente in italiano,NA,Così così,NA,"Sì, ma molto poco",NA,Non lo parlo mai,NA,Sì,-9,NA,Per più di 10 anni,No,NA,NA,Sì,NA,NA,NA,NA,NA,NA,NA,NA,1,FALSE,FALSE,TRUE,FALSE,FALSE,FALSE,FALSE,FALSE,FALSE,FALSE,FALSE,FALSE,FALSE,FALSE,FALSE,1,FALSE,TRUE,FALSE,FALSE,FALSE,FALSE,FALSE,FALSE,FALSE,FALSE,0,FALSE,FALSE,FALSE,FALSE,FALSE,FALSE,FALSE,FALSE,FALSE,FALSE,FALSE,FALSE,FALSE,FALSE,FALSE,FALSE,FALSE,FALSE,FALSE,FALSE,[NA] Not answered,Mai,No,No,0,FALSE,FALSE,FALSE,FALSE,FALSE,FALSE,FALSE,FALSE,FALSE,0,FALSE,FALSE,FALSE,FALSE,FALSE,FALSE,NA,NA,NA,NA,NA,NA,NA,NA,NA,NA,NA,NA,NA,NA,NA,"No, voglio terminare il questionario ora",14,9,22,7,NA,NA,NA,NA,NA,NA,7,46,26,14,17,33,16,32,NA,44,23,NA,310,NA,2022-12-19T14:25:35Z,TRUE,FALSE,21,21,NA,NA
413,NA,NA,main-q,interview,2022-12-19T14:28:46Z,NA,NA,NA,NA,Disoccupata/Disoccupato,"Agricoltura, silvicoltura e pesca",NA,NA,NA,NA,NA,NA,NA,NA,NA,NA,NA,NA,NA,NA,NA,NA,NA,NA,NA,NA,NA,NA,NA,NA,NA,NA,NA,NA,NA,Sì,3283,NA,Per più di 10 anni,No,NA,NA,Sì,NA,NA,NA,NA,NA,NA,NA,NA,NA,NA,NA,NA,NA,NA,NA,NA,NA,NA,NA,NA,NA,NA,NA,NA,NA,NA,NA,NA,NA,NA,NA,NA,NA,NA,NA,NA,NA,NA,NA,NA,NA,NA,NA,NA,NA,NA,NA,NA,NA,NA,NA,NA,NA,NA,NA,NA,NA,NA,NA,NA,NA,NA,NA,NA,NA,NA,NA,NA,NA,NA,NA,NA,NA,NA,NA,NA,NA,NA,NA,NA,NA,NA,NA,NA,NA,NA,NA,NA,NA,NA,NA,NA,NA,8,9,23,5,NA,NA,NA,NA,NA,NA,13,15,NA,NA,NA,NA,NA,NA,NA,NA,NA,NA,73,NA,2022-12-19T14:29:59Z,FALSE,FALSE,11,12,Verbania,NA
414,NA,NA,main-q,interview,2022-12-19T14:30:21Z,48,Donna,NA,Licenza di scuola media,Disoccupata/Disoccupato,[NA] Not answered,NA,Positiva,7,-9,7,-9,7,-9,7,7,Sì,Sì,Ogni comune/località dovrebbe insegnare la propria varietà di dialetto.,Il dialetto di un comune/località dovrebbe essere scelto come la singola varietà.,NA,Perché rimane come un ricordo,Prevalentemente in dialetto,Prevalentemente in italiano,Sì,Prevalentemente in italiano,Prevalentemente in italiano,Prevalentemente in italiano,NA,"Sì, lo capisco bene",NA,"Sì, lo parlo bene",NA,Lo parlo qualche volta,NA,Sì,3283,NA,Per più di 10 anni,Sì,NA,NA,Sì,NA,NA,NA,NA,NA,NA,NA,NA,1,TRUE,FALSE,FALSE,FALSE,FALSE,FALSE,FALSE,FALSE,FALSE,FALSE,FALSE,FALSE,FALSE,FALSE,FALSE,1,TRUE,FALSE,FALSE,FALSE,FALSE,FALSE,FALSE,FALSE,FALSE,FALSE,1,TRUE,FALSE,FALSE,FALSE,FALSE,FALSE,FALSE,FALSE,FALSE,FALSE,FALSE,FALSE,FALSE,FALSE,FALSE,FALSE,FALSE,FALSE,FALSE,FALSE,Alcune volte,Alcune volte,No,No,0,FALSE,FALSE,FALSE,FALSE,FALSE,FALSE,FALSE,FALSE,FALSE,1,TRUE,FALSE,FALSE,FALSE,FALSE,FALSE,NA,NA,NA,NA,NA,NA,NA,NA,NA,NA,NA,NA,NA,NA,NA,"No, voglio terminare il questionario ora",4,6,11,3,NA,NA,NA,NA,NA,NA,2,53,15,11,12,24,19,26,29,NA,24,NA,239,NA,2022-12-19T14:34:20Z,TRUE,FALSE,21,21,Verbania,NA
415,NA,NA,main-q,interview,2022-12-19T14:31:15Z,55,Donna,NA,Laurea specialistica/magistrale,Lavoratrice/Lavoratore,"Produzione di articoli farmaceutici, chimico-medicinali e botanici",NA,Indifferente,4,4,6,5,4,6,4,4,Sì,Sì,Ogni comune/località dovrebbe insegnare la propria varietà di dialetto.,Il dialetto di un comune/località dovrebbe essere scelto come la singola varietà.,NA,per tramandare tradizioni e non perdere cultura,In italiano e in dialetto con la stessa frequenza,Prevalentemente in italiano,No,NA,NA,NA,Prevalentemente in italiano,"Sì, lo capisco molto bene",NA,"Sì, lo parlo bene",NA,Non lo parlo mai,inglese e tedesco,Sì,131,NA,Per più di 10 anni,Sì,NA,NA,Sì,NA,NA,NA,NA,NA,NA,NA,NA,2,TRUE,FALSE,FALSE,FALSE,FALSE,FALSE,FALSE,FALSE,FALSE,FALSE,FALSE,FALSE,TRUE,FALSE,FALSE,2,TRUE,TRUE,FALSE,FALSE,FALSE,FALSE,FALSE,FALSE,FALSE,FALSE,2,TRUE,FALSE,FALSE,FALSE,FALSE,FALSE,FALSE,TRUE,FALSE,FALSE,FALSE,FALSE,FALSE,FALSE,FALSE,FALSE,FALSE,FALSE,FALSE,FALSE,50/50,Alcune volte,Sì,No,1,FALSE,FALSE,FALSE,TRUE,FALSE,FALSE,FALSE,FALSE,FALSE,1,TRUE,FALSE,FALSE,FALSE,FALSE,FALSE,1,3,3,4,1,4,1,4,1,3,1,5,5,3,1,"Sì, voglio rispondere all'ulteriore quesito",8,9,28,6,NA,NA,NA,NA,NA,NA,7,34,34,10,22,58,24,47,48,NA,22,127,484,NA,2022-12-19T14:39:20Z,TRUE,FALSE,22,22,Arizzano,NA
417,NA,NA,main-q,interview,2022-12-19T14:32:28Z,57,Donna,NA,Diploma di maturità/certificato professionale,Lavoratrice/Lavoratore,"Commercio all’ingrosso e al dettaglio, riparazione di autoveicoli e motocicli",NA,Negativa,1,-9,-9,-9,-9,-9,-9,-9,No,No,NA,NA,Perché l'importante è la lingua corretta,NA,Prevalentemente in italiano,Prevalentemente in italiano,Sì,Prevalentemente in italiano,Non ho figli minorenni,Prevalentemente in italiano,NA,"No, per niente",NA,"No, per niente",NA,NA,NA,Sì,3283,NA,Per più di 10 anni,No,Sì,NA,No,1867,NA,NA,NA,NA,NA,NA,NA,NA,NA,NA,NA,NA,NA,NA,NA,NA,NA,NA,NA,NA,NA,NA,NA,NA,NA,NA,NA,NA,NA,NA,NA,NA,NA,NA,NA,NA,NA,NA,NA,NA,NA,NA,NA,NA,NA,NA,NA,NA,NA,NA,NA,NA,NA,NA,NA,NA,Mai,NA,NA,NA,NA,NA,NA,NA,NA,NA,NA,NA,NA,NA,NA,NA,NA,NA,NA,NA,1,5,5,5,5,5,1,5,4,3,1,5,5,3,1,"Sì, voglio rispondere all'ulteriore quesito",10,17,34,7,14,NA,NA,NA,NA,14,9,43,40,34,30,NA,NA,85,NA,50,64,231,663,NA,2022-12-19T14:43:50Z,TRUE,FALSE,22,22,Verbania,Milano
420,NA,NA,main-q,interview,2022-12-19T14:34:41Z,57,Donna,NA,Licenza di scuola media,Disoccupata/Disoccupato,Altre attività di servizi,NA,Indifferente,4,4,5,4,4,6,4,4,Sì,Indifference,Ogni comune/località dovrebbe insegnare la propria varietà di dialetto.,Il dialetto di un comune/località dovrebbe essere scelto come la singola varietà.,NA,NA,Prevalentemente in italiano,Prevalentemente in italiano,Sì,Prevalentemente in italiano,Prevalentemente in italiano,Prevalentemente in italiano,NA,"Sì, lo capisco bene",NA,"Sì, ma molto poco",NA,Non lo parlo mai,NA,Sì,3283,NA,Per più di 10 anni,No,NA,NA,Sì,NA,NA,NA,NA,NA,NA,NA,NA,1,TRUE,FALSE,FALSE,FALSE,FALSE,FALSE,FALSE,FALSE,FALSE,FALSE,FALSE,FALSE,FALSE,FALSE,FALSE,1,TRUE,FALSE,FALSE,FALSE,FALSE,FALSE,FALSE,FALSE,FALSE,FALSE,1,TRUE,FALSE,FALSE,FALSE,FALSE,FALSE,FALSE,FALSE,FALSE,FALSE,FALSE,FALSE,FALSE,FALSE,FALSE,FALSE,FALSE,FALSE,FALSE,FALSE,Mai,Alcune volte,Sì,No,1,FALSE,TRUE,FALSE,FALSE,FALSE,FALSE,FALSE,FALSE,FALSE,1,TRUE,FALSE,FALSE,FALSE,FALSE,FALSE,NA,NA,NA,NA,NA,NA,NA,NA,NA,NA,NA,NA,NA,NA,NA,"No, voglio terminare il questionario ora",17,9,26,6,NA,NA,NA,NA,NA,NA,20,93,26,32,31,87,48,70,26,NA,32,NA,509,NA,2022-12-19T14:43:24Z,TRUE,FALSE,21,21,Verbania,NA
421,NA,NA,main-q,interview,2022-12-19T15:19:59Z,59,Donna,NA,Licenza di scuola media,Disoccupata/Disoccupato,[NA] Not answered,NA,Indifferente,5,4,5,4,4,4,4,3,Sì,No,NA,NA,Come adesso sarebbe meglio le lingue del futuro,NA,Prevalentemente in italiano,Prevalentemente in italiano,Sì,Prevalentemente in italiano,[NA] Not answered,Prevalentemente in italiano,NA,Così così,NA,"No, per niente",NA,NA,NA,Sì,3283,NA,Per più di 10 anni,No,NA,NA,Sì,NA,NA,NA,NA,NA,NA,NA,NA,NA,NA,NA,NA,NA,NA,NA,NA,NA,NA,NA,NA,NA,NA,NA,NA,NA,NA,NA,NA,NA,NA,NA,NA,NA,NA,NA,NA,NA,NA,NA,NA,NA,NA,NA,NA,NA,NA,NA,NA,NA,NA,NA,NA,NA,NA,NA,NA,NA,Alcune volte,NA,NA,NA,NA,NA,NA,NA,NA,NA,NA,NA,NA,NA,NA,NA,NA,NA,NA,NA,2,5,2,5,1,5,1,4,3,1,4,4,5,1,3,"Sì, voglio rispondere all'ulteriore quesito",31,11,54,6,NA,NA,NA,NA,NA,NA,21,15,40,23,36,NA,NA,213,NA,60,55,290,683,NA,2022-12-19T15:34:15Z,TRUE,FALSE,22,22,Verbania,NA
422,NA,NA,main-q,interview,2022-12-19T15:22:09Z,83,Uomo,NA,Diploma di maturità/certificato professionale,Pensionata/Pensionato,"Produzione di articoli farmaceutici, chimico-medicinali e botanici",NA,Indifferente,4,4,7,4,1,4,4,3,Sì,No,NA,NA,Reputo piu interessante insegnare le lingue internazionali oltre l italiano,NA,In italiano e in dialetto con la stessa frequenza,Prevalentemente in dialetto,Sì,In italiano e in dialetto con la stessa frequenza,Non ho figli minorenni,Prevalentemente in italiano,NA,"Sì, lo capisco molto bene",NA,"Sì, lo parlo molto bene",NA,Lo parlo spesso,Spagnolo portoghese tedesco francese,Sì,549,NA,Sì, ma molto poco ,Sì,NA,NA,Sì,NA,NA,NA,NA,NA,NA,NA,NA,4,TRUE,TRUE,FALSE,FALSE,FALSE,FALSE,FALSE,FALSE,FALSE,FALSE,TRUE,FALSE,TRUE,FALSE,FALSE,3,TRUE,TRUE,TRUE,FALSE,FALSE,FALSE,FALSE,FALSE,FALSE,FALSE,4,FALSE,FALSE,TRUE,FALSE,FALSE,FALSE,FALSE,TRUE,FALSE,FALSE,TRUE,FALSE,FALSE,FALSE,FALSE,FALSE,FALSE,FALSE,FALSE,TRUE,Alcune volte,Alcune volte,No,No,1,FALSE,FALSE,TRUE,FALSE,FALSE,FALSE,FALSE,FALSE,FALSE,1,TRUE,FALSE,FALSE,FALSE,FALSE,FALSE,NA,NA,NA,NA,NA,NA,NA,NA,NA,NA,NA,NA,NA,NA,NA,"No, voglio terminare il questionario ora",22,8,40,17,NA,NA,NA,NA,NA,NA,8,44,57,33,100,274,122,133,NA,88,54,NA,632,NA,2022-12-19T15:38:50Z,TRUE,FALSE,21,21,Cambiasca,NA
425,NA,NA,main-q,interview,2022-12-19T18:51:06Z,56,Donna,NA,Diploma di maturità/certificato professionale,Pensionata/Pensionato,Telecomunicazioni,NA,Positiva,4,4,4,6,3,4,4,4,Sì,Sì,Ogni comune/località dovrebbe insegnare la propria varietà di dialetto.,Il dialetto di un comune/località dovrebbe essere scelto come la singola varietà.,NA,Per non perdere la nostra identità,Prevalentemente in italiano,Prevalentemente in italiano,Sì,Prevalentemente in italiano,Prevalentemente in italiano,Prevalentemente in italiano,NA,"Sì, lo capisco bene",NA,Così così,NA,Lo parlo raramente,NA,Sì,3283,NA,Per più di 10 anni,No,NA,NA,Sì,NA,NA,NA,NA,NA,NA,NA,NA,2,TRUE,TRUE,FALSE,FALSE,FALSE,FALSE,FALSE,FALSE,FALSE,FALSE,FALSE,FALSE,FALSE,FALSE,FALSE,1,TRUE,FALSE,FALSE,FALSE,FALSE,FALSE,FALSE,FALSE,FALSE,FALSE,1,FALSE,FALSE,FALSE,FALSE,FALSE,FALSE,FALSE,TRUE,FALSE,FALSE,FALSE,FALSE,FALSE,FALSE,FALSE,FALSE,FALSE,FALSE,FALSE,FALSE,Molto spesso,Alcune volte,Sì,No,2,FALSE,FALSE,FALSE,FALSE,FALSE,FALSE,TRUE,FALSE,TRUE,1,TRUE,FALSE,FALSE,FALSE,FALSE,FALSE,NA,NA,NA,NA,NA,NA,NA,NA,NA,NA,NA,NA,NA,NA,NA,"No, voglio terminare il questionario ora",23,18,54,12,NA,NA,NA,NA,NA,NA,11,240,47,25,46,123,94,719,73,NA,77,NA,581,NA,2022-12-19T19:17:09Z,TRUE,FALSE,21,21,Verbania,NA
429,NA,NA,main-q,interview,2022-12-21T12:51:32Z,43,Donna,NA,Licenza di scuola media,Lavoratrice/Lavoratore,"Commercio all’ingrosso e al dettaglio, riparazione di autoveicoli e motocicli",NA,Positiva,7,6,7,7,1,7,7,4,Sì,Sì,Ogni comune/località dovrebbe insegnare la propria varietà di dialetto.,Il dialetto di un comune/località dovrebbe essere scelto come la singola varietà.,NA,Per non perdere le teadizioni,Prevalentemente in italiano,Prevalentemente in italiano,Sì,Prevalentemente in italiano,Prevalentemente in italiano,[NA] Not answered,NA,Così così,NA,"Sì, ma molto poco",NA,Lo parlo qualche volta,NA,Sì,3283,NA,Per più di 10 anni,Sì,NA,NA,Sì,NA,NA,NA,NA,NA,NA,NA,NA,1,FALSE,FALSE,TRUE,FALSE,FALSE,FALSE,FALSE,FALSE,FALSE,FALSE,FALSE,FALSE,FALSE,FALSE,FALSE,1,FALSE,FALSE,TRUE,FALSE,FALSE,FALSE,FALSE,FALSE,FALSE,FALSE,1,FALSE,FALSE,FALSE,FALSE,FALSE,FALSE,FALSE,TRUE,FALSE,FALSE,FALSE,FALSE,FALSE,FALSE,FALSE,FALSE,FALSE,FALSE,FALSE,FALSE,Spesso,Alcune volte,Sì,No,1,FALSE,FALSE,FALSE,FALSE,FALSE,FALSE,TRUE,FALSE,FALSE,1,TRUE,FALSE,FALSE,FALSE,FALSE,FALSE,NA,NA,NA,NA,NA,NA,NA,NA,NA,NA,NA,NA,NA,NA,NA,"No, voglio terminare il questionario ora",4,7,1679,6,NA,NA,NA,NA,NA,NA,6,14,21,14,17,45,28,47,38,NA,23,NA,297,NA,2022-12-21T13:24:02Z,TRUE,FALSE,21,21,Verbania,NA
434,NA,NA,main-q,interview,2022-12-23T21:17:53Z,64,Uomo,NA,Diploma di maturità/certificato professionale,Pensionata/Pensionato,"Commercio all’ingrosso e al dettaglio, riparazione di autoveicoli e motocicli",NA,Positiva,5,4,3,4,3,5,4,4,Sì,Sì,Una unica varietà di dialetto dovrebbe essere insegnata su un territorio più grande.,Il dialetto di un comune/località dovrebbe essere scelto come la singola varietà.,NA,Per tradizione e non disperdere il patrimonio,In italiano e in dialetto con la stessa frequenza,Prevalentemente in italiano,Sì,Prevalentemente in italiano,Prevalentemente in italiano,Prevalentemente in italiano,NA,"Sì, lo capisco molto bene",NA,"Sì, lo parlo bene",NA,Lo parlo spesso,NA,Sì,3283,NA,Per più di 10 anni,Sì,NA,NA,Sì,NA,NA,NA,NA,NA,NA,NA,NA,3,FALSE,TRUE,FALSE,FALSE,FALSE,FALSE,FALSE,TRUE,FALSE,FALSE,FALSE,FALSE,TRUE,FALSE,FALSE,2,FALSE,TRUE,TRUE,FALSE,FALSE,FALSE,FALSE,FALSE,FALSE,FALSE,5,TRUE,FALSE,FALSE,FALSE,FALSE,TRUE,FALSE,TRUE,FALSE,FALSE,FALSE,FALSE,FALSE,FALSE,FALSE,FALSE,FALSE,FALSE,TRUE,TRUE,Alcune volte,Alcune volte,Sì,Sì,0,FALSE,FALSE,FALSE,FALSE,FALSE,FALSE,FALSE,FALSE,FALSE,1,TRUE,FALSE,FALSE,FALSE,FALSE,FALSE,1,1,1,1,1,2,1,3,1,1,1,3,1,2,1,"Sì, voglio rispondere all'ulteriore quesito",19,7,31,6,NA,NA,NA,NA,NA,NA,6,45,36,18,24,79,32,50,58,NA,42,133,586,NA,2022-12-23T21:27:40Z,TRUE,FALSE,22,22,Verbania,NA
435,NA,NA,main-q,interview,2022-12-23T21:22:49Z,46,Donna,NA,Diploma di maturità/certificato professionale,Lavoratrice/Lavoratore,"Commercio all’ingrosso e al dettaglio, riparazione di autoveicoli e motocicli",NA,Positiva,7,-9,7,7,1,7,4,4,Sì,Sì,Una unica varietà di dialetto dovrebbe essere insegnata su un territorio più grande.,Si dovrebbe creare una nuova varietà basata sui dialetti dei vari comuni/località.,NA,Per non perdere le origini,Prevalentemente in italiano,Prevalentemente in italiano,Sì,Prevalentemente in italiano,Prevalentemente in italiano,Prevalentemente in italiano,NA,"Sì, lo capisco molto bene",NA,"Sì, lo parlo bene",NA,Lo parlo spesso,NA,Sì,131,NA,Per più di 10 anni,Sì,NA,NA,Sì,NA,NA,NA,NA,NA,NA,NA,NA,2,TRUE,TRUE,FALSE,FALSE,FALSE,FALSE,FALSE,FALSE,FALSE,FALSE,FALSE,FALSE,FALSE,FALSE,FALSE,3,TRUE,TRUE,TRUE,FALSE,FALSE,FALSE,FALSE,FALSE,FALSE,FALSE,2,TRUE,FALSE,FALSE,FALSE,FALSE,FALSE,FALSE,TRUE,FALSE,FALSE,FALSE,FALSE,FALSE,FALSE,FALSE,FALSE,FALSE,FALSE,FALSE,FALSE,Spesso,Alcune volte,Sì,Sì,1,FALSE,FALSE,FALSE,FALSE,FALSE,TRUE,FALSE,FALSE,FALSE,1,TRUE,FALSE,FALSE,FALSE,FALSE,FALSE,3,5,3,4,3,5,1,5,4,3,1,5,5,3,1,"Sì, voglio rispondere all'ulteriore quesito",14,8,34,5,NA,NA,NA,NA,NA,NA,6,54,31,26,24,71,32,47,44,NA,31,113,540,NA,2022-12-23T21:31:49Z,TRUE,FALSE,22,22,Arizzano,NA
442,NA,NA,main-q,interview,2022-12-24T01:25:39Z,55,Donna,NA,Laurea specialistica/magistrale,Lavoratrice/Lavoratore,Istruzione,NA,Indifferente,3,4,5,4,4,5,4,4,Sì,Indifference,Ogni comune/località dovrebbe insegnare la propria varietà di dialetto.,Il dialetto di un comune/località dovrebbe essere scelto come la singola varietà.,NA,Non penso che insegnare il dialetto a scuola sia un'opzione concretamente realizzabile,In italiano e in dialetto con la stessa frequenza,Prevalentemente in italiano,Sì,Prevalentemente in italiano,Prevalentemente in italiano,Prevalentemente in italiano,NA,"Sì, lo capisco molto bene",NA,"Sì, ma molto poco",NA,Lo parlo raramente,Inglese,Sì,3283,NA,Per più di 10 anni,No,NA,NA,Sì,NA,NA,NA,NA,NA,NA,NA,NA,1,TRUE,FALSE,FALSE,FALSE,FALSE,FALSE,FALSE,FALSE,FALSE,FALSE,FALSE,FALSE,FALSE,FALSE,FALSE,4,TRUE,TRUE,TRUE,TRUE,FALSE,FALSE,FALSE,FALSE,FALSE,FALSE,4,TRUE,FALSE,FALSE,FALSE,FALSE,FALSE,FALSE,TRUE,TRUE,TRUE,FALSE,FALSE,FALSE,FALSE,FALSE,FALSE,FALSE,FALSE,FALSE,FALSE,Molto spesso,Alcune volte,Sì,No,2,FALSE,FALSE,FALSE,TRUE,FALSE,TRUE,FALSE,FALSE,FALSE,1,TRUE,FALSE,FALSE,FALSE,FALSE,FALSE,1,4,1,4,1,4,1,3,3,1,1,4,4,1,1,"Sì, voglio rispondere all'ulteriore quesito",89,9,43,7,NA,NA,NA,NA,NA,NA,7,42,73,24,53,133,48,55,88,NA,42,143,810,NA,2022-12-24T01:39:55Z,TRUE,FALSE,22,22,Verbania,NA
452,NA,NA,main-q,interview,2022-12-25T09:11:53Z,NA,NA,NA,NA,NA,NA,NA,NA,NA,NA,NA,NA,NA,NA,NA,NA,NA,NA,NA,NA,NA,NA,NA,NA,NA,NA,NA,NA,NA,NA,NA,NA,NA,NA,NA,Sì,NA,NA,NA,NA,NA,NA,NA,NA,NA,NA,NA,NA,NA,NA,NA,NA,NA,NA,NA,NA,NA,NA,NA,NA,NA,NA,NA,NA,NA,NA,NA,NA,NA,NA,NA,NA,NA,NA,NA,NA,NA,NA,NA,NA,NA,NA,NA,NA,NA,NA,NA,NA,NA,NA,NA,NA,NA,NA,NA,NA,NA,NA,NA,NA,NA,NA,NA,NA,NA,NA,NA,NA,NA,NA,NA,NA,NA,NA,NA,NA,NA,NA,NA,NA,NA,NA,NA,NA,NA,NA,NA,NA,NA,NA,NA,NA,NA,NA,NA,NA,8,18,NA,NA,NA,NA,NA,NA,NA,NA,NA,NA,NA,NA,NA,NA,NA,NA,NA,NA,NA,NA,16,NA,2022-12-25T09:12:19Z,FALSE,FALSE,2,2,NA,NA
455,NA,NA,main-q,interview,2022-12-25T18:53:01Z,35,Donna,NA,Laurea triennale,Lavoratrice/Lavoratore,Altre attività di servizi,NA,Negativa,1,1,1,1,-9,-9,-9,-9,Sì,Indifference,Ogni comune/località dovrebbe insegnare la propria varietà di dialetto.,Si dovrebbe creare una nuova varietà basata sui dialetti dei vari comuni/località.,NA,per ricordare un domani a tramandare ai figli le vecchie tradizioni,Prevalentemente in dialetto,In italiano e in dialetto con la stessa frequenza,No,NA,NA,NA,Prevalentemente in italiano,NA,"Sì, lo capisco molto bene",NA,"Sì, lo parlo molto bene",Lo parlo spesso,NA,No,NA,NA,NA,NA,NA,No,NA,NA,NA,Italia,NA,NA,NA,NA,NA,4,TRUE,TRUE,TRUE,FALSE,FALSE,FALSE,FALSE,FALSE,FALSE,FALSE,FALSE,FALSE,TRUE,FALSE,FALSE,3,TRUE,TRUE,FALSE,TRUE,FALSE,FALSE,FALSE,FALSE,FALSE,FALSE,4,TRUE,FALSE,FALSE,FALSE,TRUE,TRUE,FALSE,TRUE,FALSE,FALSE,FALSE,FALSE,FALSE,FALSE,FALSE,FALSE,FALSE,FALSE,FALSE,FALSE,Alcune volte,Alcune volte,Sì,No,0,FALSE,FALSE,FALSE,FALSE,FALSE,FALSE,FALSE,FALSE,FALSE,1,FALSE,TRUE,FALSE,FALSE,FALSE,FALSE,-9,-9,-9,-9,-9,-9,-9,-9,-9,-9,-9,-9,-9,-9,-9,"No, voglio terminare il questionario ora",6,12,NA,NA,NA,11,5,NA,NA,NA,7,70,39,14,24,106,70,114,70,NA,51,49,636,NA,2022-12-25T19:03:50Z,TRUE,FALSE,21,22,NA,NA
456,NA,NA,main-q,interview,2022-12-25T19:28:53Z,68,Uomo,NA,Licenza di scuola media,Pensionata/Pensionato,"Fornitura di energia elettrica, gas, vapore, aria condizionata, e acqua; reti fognarie.",NA,Positiva,-9,-9,7,-9,-9,-9,-9,-9,Sì,Indifference,[NA] Not answered,[NA] Not answered,NA,NA,Prevalentemente in dialetto,In italiano e in dialetto con la stessa frequenza,Sì,Prevalentemente in italiano,Non ho figli minorenni,Prevalentemente in italiano,NA,"Sì, lo capisco molto bene",NA,"Sì, lo parlo molto bene",NA,Lo parlo spesso,NA,Sì,-9,NA,Per più di 10 anni,No,NA,NA,Sì,NA,NA,NA,NA,NA,NA,NA,NA,2,TRUE,TRUE,FALSE,FALSE,FALSE,FALSE,FALSE,FALSE,FALSE,FALSE,FALSE,FALSE,FALSE,FALSE,FALSE,3,TRUE,TRUE,TRUE,FALSE,FALSE,FALSE,FALSE,FALSE,FALSE,FALSE,2,TRUE,FALSE,FALSE,FALSE,TRUE,FALSE,FALSE,FALSE,FALSE,FALSE,FALSE,FALSE,FALSE,FALSE,FALSE,FALSE,FALSE,FALSE,FALSE,FALSE,Alcune volte,Alcune volte,Sì,No,0,FALSE,FALSE,FALSE,FALSE,FALSE,FALSE,FALSE,FALSE,FALSE,1,TRUE,FALSE,FALSE,FALSE,FALSE,FALSE,4,4,2,4,4,4,1,5,4,2,1,4,5,5,1,"Sì, voglio rispondere all'ulteriore quesito",27,12,24,11,NA,NA,NA,NA,NA,NA,9,61,69,27,31,121,36,53,23,NA,59,225,746,NA,2022-12-25T19:42:01Z,TRUE,FALSE,22,22,NA,NA
462,NA,NA,main-q,interview,2022-12-27T09:52:27Z,47,Donna,NA,Diploma di maturità/certificato professionale,Lavoratrice/Lavoratore,Istruzione,NA,Positiva,4,4,7,7,4,7,4,1,Sì,Sì,Ogni comune/località dovrebbe insegnare la propria varietà di dialetto.,Il dialetto di un comune/località dovrebbe essere scelto come la singola varietà.,NA,Per mantenere un legame e imparare dal passato,Prevalentemente in italiano,Prevalentemente in italiano,Sì,Prevalentemente in italiano,Prevalentemente in italiano,[NA] Not answered,NA,"Sì, lo capisco molto bene",NA,"Sì, lo parlo bene",NA,Lo parlo spesso,Inglese spagnolo portoghese francese,Sì,3283,NA,Per più di 10 anni,Sì,NA,NA,Sì,NA,NA,NA,NA,NA,NA,NA,NA,3,FALSE,TRUE,FALSE,FALSE,FALSE,FALSE,FALSE,FALSE,FALSE,FALSE,FALSE,FALSE,FALSE,TRUE,TRUE,5,TRUE,TRUE,TRUE,TRUE,FALSE,FALSE,FALSE,TRUE,FALSE,FALSE,2,FALSE,FALSE,FALSE,FALSE,FALSE,FALSE,FALSE,TRUE,TRUE,FALSE,FALSE,FALSE,FALSE,FALSE,FALSE,FALSE,FALSE,FALSE,FALSE,FALSE,Alcune volte,Molto spesso,Sì,No,2,FALSE,FALSE,TRUE,TRUE,FALSE,FALSE,FALSE,FALSE,FALSE,1,TRUE,FALSE,FALSE,FALSE,FALSE,FALSE,1,5,5,2,1,5,1,5,1,4,1,1,5,1,1,"Sì, voglio rispondere all'ulteriore quesito",28,6,24,5,NA,NA,NA,NA,NA,NA,5,11,18,16,54,66,25,35,66,NA,29,143,531,NA,2022-12-27T10:01:18Z,TRUE,FALSE,22,22,Verbania,NA
471,NA,NA,main-q,interview,2022-12-28T08:17:40Z,84,Donna,NA,Diploma di maturità/certificato professionale,Pensionata/Pensionato,Attività finanziarie e assicurative,NA,Positiva,-9,-9,-9,-9,-9,7,-9,-9,Sì,Sì,Ogni comune/località dovrebbe insegnare la propria varietà di dialetto.,Il dialetto di un comune/località dovrebbe essere scelto come la singola varietà.,NA,per mantenere una cultura del territorio,In italiano e in dialetto con la stessa frequenza,In italiano e in dialetto con la stessa frequenza,Sì,Prevalentemente in italiano,[NA] Not answered,Prevalentemente in italiano,NA,"Sì, lo capisco molto bene",NA,"Sì, lo parlo bene",NA,Lo parlo raramente,francese,Sì,131,NA,Per più di 10 anni,Sì,Sì,NA,No,2135,NA,NA,NA,NA,NA,NA,NA,1,FALSE,TRUE,FALSE,FALSE,FALSE,FALSE,FALSE,FALSE,FALSE,FALSE,FALSE,FALSE,FALSE,FALSE,FALSE,1,FALSE,TRUE,FALSE,FALSE,FALSE,FALSE,FALSE,FALSE,FALSE,FALSE,1,FALSE,FALSE,FALSE,FALSE,FALSE,FALSE,FALSE,TRUE,FALSE,FALSE,FALSE,FALSE,FALSE,FALSE,FALSE,FALSE,FALSE,FALSE,FALSE,FALSE,Alcune volte,Alcune volte,Sì,No,0,FALSE,FALSE,FALSE,FALSE,FALSE,FALSE,FALSE,FALSE,FALSE,1,TRUE,FALSE,FALSE,FALSE,FALSE,FALSE,1,1,3,3,1,3,1,3,1,1,1,4,3,1,1,"Sì, voglio rispondere all'ulteriore quesito",64,12,43,9,9,NA,NA,NA,NA,14,8,70,34,20,40,86,34,51,64,NA,45,107,710,NA,2022-12-28T08:29:31Z,TRUE,FALSE,22,22,Arizzano,Omegna
473,NA,NA,main-q,interview,2022-12-28T11:41:05Z,NA,NA,NA,NA,NA,NA,NA,NA,NA,NA,NA,NA,NA,NA,NA,NA,NA,NA,NA,NA,NA,NA,NA,NA,NA,NA,NA,NA,NA,NA,NA,NA,NA,NA,NA,[NA] Not answered,NA,NA,NA,NA,NA,NA,NA,NA,NA,NA,NA,NA,NA,NA,NA,NA,NA,NA,NA,NA,NA,NA,NA,NA,NA,NA,NA,NA,NA,NA,NA,NA,NA,NA,NA,NA,NA,NA,NA,NA,NA,NA,NA,NA,NA,NA,NA,NA,NA,NA,NA,NA,NA,NA,NA,NA,NA,NA,NA,NA,NA,NA,NA,NA,NA,NA,NA,NA,NA,NA,NA,NA,NA,NA,NA,NA,NA,NA,NA,NA,NA,NA,NA,NA,NA,NA,NA,NA,NA,NA,NA,NA,NA,NA,NA,NA,NA,NA,NA,NA,14,11,NA,NA,NA,NA,NA,NA,NA,NA,NA,NA,NA,NA,NA,NA,NA,NA,NA,NA,NA,NA,25,NA,2022-12-28T11:41:31Z,FALSE,FALSE,2,2,NA,NA
520,NA,NA,main-q,interview,2023-01-26T11:06:49Z,70,Uomo,NA,Diploma di maturità/certificato professionale,Pensionata/Pensionato,"Fornitura di energia elettrica, gas, vapore, aria condizionata, e acqua; reti fognarie.",NA,Indifferente,4,6,6,7,1,7,4,3,Sì,Sì,Ogni comune/località dovrebbe insegnare la propria varietà di dialetto.,Il dialetto di un comune/località dovrebbe essere scelto come la singola varietà.,NA,per non perdere cultura e risorse del passato che hanno fatto la storia,In italiano e in dialetto con la stessa frequenza,Prevalentemente in italiano,Sì,Prevalentemente in italiano,Prevalentemente in italiano,Prevalentemente in italiano,NA,"Sì, lo capisco molto bene",NA,"Sì, lo parlo bene",NA,[NA] Not answered,bergamasco,Sì,274,NA,Per più di 10 anni,Sì,Sì,NA,No,49,NA,NA,NA,NA,NA,NA,NA,7,TRUE,TRUE,TRUE,TRUE,FALSE,TRUE,FALSE,FALSE,TRUE,FALSE,FALSE,FALSE,TRUE,FALSE,FALSE,5,TRUE,TRUE,TRUE,FALSE,TRUE,FALSE,FALSE,TRUE,FALSE,FALSE,6,TRUE,TRUE,FALSE,FALSE,TRUE,TRUE,FALSE,TRUE,TRUE,FALSE,FALSE,FALSE,FALSE,FALSE,FALSE,FALSE,FALSE,FALSE,FALSE,FALSE,Spesso,Spesso,Sì,No,1,FALSE,FALSE,FALSE,TRUE,FALSE,FALSE,FALSE,FALSE,FALSE,1,TRUE,FALSE,FALSE,FALSE,FALSE,FALSE,NA,NA,NA,NA,NA,NA,NA,NA,NA,NA,NA,NA,NA,NA,NA,"No, voglio terminare il questionario ora",3,10,25,8,9,NA,NA,NA,NA,8,15,39,28,16,24,56,35,65,56,NA,30,NA,418,NA,2023-01-26T11:13:57Z,TRUE,FALSE,21,21,Bergamo,Albino
521,NA,NA,main-q,interview,2023-01-26T12:35:23Z,42,Donna,NA,Dottorato di ricerca,Lavoratrice/Lavoratore,Istruzione,NA,Indifferente,1,4,5,4,3,4,3,6,Sì,No,NA,NA,perchè non credo possa andare a sostituire discipline esistenti: vista la verietà etnica di provenienza delle famiglie per qualcuno significherebbe approcciare contemporaneamente 3 lingue. si potrebbe insegnare nell'extrascuola,NA,Prevalentemente in italiano,Prevalentemente in italiano,Sì,Prevalentemente in italiano,Prevalentemente in italiano,Non ho figli maggiorenni,NA,"Sì, lo capisco molto bene",NA,Così così,NA,Lo parlo raramente,"inglese, francese, portoghese, spagnolo, wolof",Sì,3367,NA,Per più di 10 anni,No,NA,NA,Sì,NA,NA,NA,NA,NA,NA,NA,NA,3,TRUE,FALSE,FALSE,FALSE,FALSE,FALSE,FALSE,TRUE,FALSE,FALSE,FALSE,FALSE,TRUE,FALSE,FALSE,3,TRUE,TRUE,FALSE,FALSE,TRUE,FALSE,FALSE,FALSE,FALSE,FALSE,4,TRUE,FALSE,FALSE,FALSE,TRUE,FALSE,FALSE,TRUE,FALSE,FALSE,FALSE,FALSE,FALSE,TRUE,FALSE,FALSE,FALSE,FALSE,FALSE,FALSE,Alcune volte,Alcune volte,Sì,No,4,TRUE,TRUE,FALSE,TRUE,TRUE,FALSE,FALSE,FALSE,FALSE,1,TRUE,FALSE,FALSE,FALSE,FALSE,FALSE,1,4,2,5,1,5,1,5,2,2,1,5,5,3,1,"Sì, voglio rispondere all'ulteriore quesito",167,5,19,5,NA,NA,NA,NA,NA,NA,6,20,18,11,34,80,23,38,NA,61,21,102,466,NA,2023-01-26T12:45:33Z,TRUE,FALSE,22,22,Villa di Serio,NA
523,NA,NA,main-q,interview,2023-01-26T12:41:06Z,44,Donna,NA,Laurea specialistica/magistrale,Lavoratrice/Lavoratore,Sanità,NA,Indifferente,4,4,7,4,4,7,4,4,Sì,Indifference,[NA] Not answered,[NA] Not answered,NA,NA,Prevalentemente in italiano,Prevalentemente in italiano,Sì,Prevalentemente in italiano,Prevalentemente in italiano,Non ho figli maggiorenni,NA,"Sì, lo capisco molto bene",NA,"Sì, lo parlo bene",NA,Lo parlo qualche volta,NA,Sì,1462,NA,Per più di 10 anni,No,NA,NA,Sì,NA,NA,NA,NA,NA,NA,NA,NA,3,TRUE,TRUE,FALSE,FALSE,FALSE,FALSE,FALSE,FALSE,FALSE,FALSE,FALSE,FALSE,TRUE,FALSE,FALSE,2,TRUE,FALSE,FALSE,FALSE,FALSE,FALSE,FALSE,TRUE,FALSE,FALSE,3,FALSE,FALSE,FALSE,FALSE,FALSE,FALSE,FALSE,TRUE,TRUE,TRUE,FALSE,FALSE,FALSE,FALSE,FALSE,FALSE,FALSE,FALSE,FALSE,FALSE,Spesso,Alcune volte,No,No,2,FALSE,FALSE,TRUE,FALSE,FALSE,FALSE,TRUE,FALSE,FALSE,1,TRUE,FALSE,FALSE,FALSE,FALSE,FALSE,1,5,2,5,3,5,1,5,3,2,1,5,5,2,1,"Sì, voglio rispondere all'ulteriore quesito",19,12,25,5,NA,NA,NA,NA,NA,NA,6,61,36,11,42,78,25,32,18,NA,29,90,489,NA,2023-01-26T12:49:15Z,TRUE,FALSE,22,22,Gorle,NA
527,NA,NA,main-q,interview,2023-01-26T12:54:26Z,NA,NA,NA,NA,Lavoratrice/Lavoratore,"Produzione di articoli farmaceutici, chimico-medicinali e botanici",NA,Indifferente,4,4,5,4,4,5,4,3,Sì,No,NA,NA,NA,NA,Prevalentemente in italiano,Prevalentemente in italiano,No,NA,NA,NA,Prevalentemente in italiano,Così così,NA,"Sì, ma molto poco",NA,Non lo parlo mai,"Francese, Inglese e dialetto siciliano",Sì,-9,NA,Per più di 10 anni,Sì,NA,NA,Sì,NA,NA,NA,NA,NA,NA,NA,NA,0,FALSE,FALSE,FALSE,FALSE,FALSE,FALSE,FALSE,FALSE,FALSE,FALSE,FALSE,FALSE,FALSE,FALSE,FALSE,0,FALSE,FALSE,FALSE,FALSE,FALSE,FALSE,FALSE,FALSE,FALSE,FALSE,0,FALSE,FALSE,FALSE,FALSE,FALSE,FALSE,FALSE,FALSE,FALSE,FALSE,FALSE,FALSE,FALSE,FALSE,FALSE,FALSE,FALSE,FALSE,FALSE,FALSE,[NA] Not answered,Mai,No,No,3,FALSE,FALSE,TRUE,TRUE,FALSE,FALSE,FALSE,TRUE,FALSE,1,TRUE,FALSE,FALSE,FALSE,FALSE,FALSE,NA,NA,NA,NA,NA,NA,NA,NA,NA,NA,NA,NA,NA,NA,NA,NA,10,7,25,5,NA,NA,NA,NA,NA,NA,5,14,22,5,47,30,40,90,NA,3,NA,NA,303,NA,2023-01-26T12:59:29Z,FALSE,FALSE,20,20,NA,NA
528,NA,NA,main-q,interview,2023-01-26T12:58:35Z,43,Uomo,NA,Diploma di maturità/certificato professionale,Lavoratrice/Lavoratore,"Produzione di articoli farmaceutici, chimico-medicinali e botanici",NA,Positiva,4,4,6,4,4,6,4,4,Sì,Sì,Ogni comune/località dovrebbe insegnare la propria varietà di dialetto.,Si dovrebbe creare una nuova varietà basata sui dialetti dei vari comuni/località.,NA,NA,Prevalentemente in dialetto,Prevalentemente in italiano,Sì,Prevalentemente in italiano,Prevalentemente in italiano,Non ho figli maggiorenni,NA,"Sì, lo capisco molto bene",NA,"Sì, lo parlo bene",NA,[NA] Not answered,NA,Sì,1462,NA,Per più di 10 anni,No,NA,NA,Sì,NA,NA,NA,NA,NA,NA,NA,NA,2,TRUE,TRUE,FALSE,FALSE,FALSE,FALSE,FALSE,FALSE,FALSE,FALSE,FALSE,FALSE,FALSE,FALSE,FALSE,2,TRUE,TRUE,FALSE,FALSE,FALSE,FALSE,FALSE,FALSE,FALSE,FALSE,2,TRUE,FALSE,FALSE,FALSE,FALSE,FALSE,FALSE,TRUE,FALSE,FALSE,FALSE,FALSE,FALSE,FALSE,FALSE,FALSE,FALSE,FALSE,FALSE,FALSE,Alcune volte,Spesso,No,No,2,FALSE,FALSE,FALSE,TRUE,TRUE,FALSE,FALSE,FALSE,FALSE,1,TRUE,FALSE,FALSE,FALSE,FALSE,FALSE,2,4,2,5,3,4,1,4,3,1,1,4,5,3,1,"Sì, voglio rispondere all'ulteriore quesito",14,7,27,17,NA,NA,NA,NA,NA,NA,6,54,22,14,17,57,24,43,34,NA,20,89,434,NA,2023-01-26T13:06:01Z,TRUE,FALSE,22,22,Gorle,NA
529,NA,NA,main-q,interview,2023-01-26T13:06:54Z,77,Donna,NA,Laurea specialistica/magistrale,Pensionata/Pensionato,Istruzione,NA,Indifferente,4,4,4,-9,-9,-9,-9,4,Sì,No,NA,NA,Hanno già tante materie,NA,Prevalentemente in italiano,Prevalentemente in italiano,Sì,Prevalentemente in italiano,[NA] Not answered,Prevalentemente in italiano,NA,"Sì, lo capisco molto bene",NA,"Sì, lo parlo bene",NA,Lo parlo qualche volta,NA,Sì,274,NA,Per più di 10 anni,Sì,Sì,NA,No,2776,NA,NA,NA,NA,NA,NA,NA,1,FALSE,FALSE,FALSE,FALSE,FALSE,FALSE,FALSE,FALSE,FALSE,FALSE,FALSE,FALSE,TRUE,FALSE,FALSE,1,TRUE,FALSE,FALSE,FALSE,FALSE,FALSE,FALSE,FALSE,FALSE,FALSE,5,TRUE,FALSE,TRUE,FALSE,FALSE,TRUE,FALSE,TRUE,TRUE,FALSE,FALSE,FALSE,FALSE,FALSE,FALSE,FALSE,FALSE,FALSE,FALSE,FALSE,Mai,Alcune volte,Sì,No,4,TRUE,TRUE,FALSE,TRUE,TRUE,FALSE,FALSE,FALSE,FALSE,0,FALSE,FALSE,FALSE,FALSE,FALSE,FALSE,1,2,2,4,1,5,1,3,2,1,1,4,5,1,1,"Sì, voglio rispondere all'ulteriore quesito",65,18,82,10,8,NA,NA,NA,NA,18,10,46,62,21,27,133,58,142,NA,54,72,217,978,NA,2023-01-26T13:24:17Z,TRUE,FALSE,22,22,Bergamo,San Pellegrino Term
530,NA,NA,main-q,interview,2023-01-26T13:07:07Z,NA,NA,NA,NA,Lavoratrice/Lavoratore,Altre attività di servizi,NA,NA,NA,NA,NA,NA,NA,NA,NA,NA,NA,NA,NA,NA,NA,NA,Prevalentemente in italiano,Prevalentemente in italiano,No,NA,NA,NA,Prevalentemente in italiano,NA,"Sì, lo capisco bene",NA,Così così,NA,"Francese, inglese",No,NA,NA,NA,NA,NA,Sì,NA,274,NA,NA,NA,NA,NA,NA,NA,NA,NA,NA,NA,NA,NA,NA,NA,NA,NA,NA,NA,NA,NA,NA,NA,NA,NA,NA,NA,NA,NA,NA,NA,NA,NA,NA,NA,NA,NA,NA,NA,NA,NA,NA,NA,NA,NA,NA,NA,NA,NA,NA,NA,NA,NA,NA,NA,NA,Alcune volte,NA,NA,NA,NA,NA,NA,NA,NA,NA,NA,NA,NA,NA,NA,NA,NA,NA,NA,NA,NA,NA,NA,NA,NA,NA,NA,NA,NA,NA,NA,NA,NA,NA,NA,NA,3,9,NA,NA,NA,4,NA,NA,NA,12,6,24,20,13,37,65270,NA,NA,NA,NA,NA,NA,201,NA,2023-01-27T07:17:05Z,FALSE,FALSE,16,16,NA,Bergamo
531,NA,NA,main-q,interview,2023-01-26T13:12:17Z,NA,NA,NA,NA,NA,NA,NA,NA,NA,NA,NA,NA,NA,NA,NA,NA,NA,NA,NA,NA,NA,NA,NA,NA,NA,NA,NA,NA,NA,NA,NA,NA,NA,NA,NA,Sì,NA,NA,NA,NA,NA,NA,NA,NA,NA,NA,NA,NA,NA,NA,NA,NA,NA,NA,NA,NA,NA,NA,NA,NA,NA,NA,NA,NA,NA,NA,NA,NA,NA,NA,NA,NA,NA,NA,NA,NA,NA,NA,NA,NA,NA,NA,NA,NA,NA,NA,NA,NA,NA,NA,NA,NA,NA,NA,NA,NA,NA,NA,NA,NA,NA,NA,NA,NA,NA,NA,NA,NA,NA,NA,NA,NA,NA,NA,NA,NA,NA,NA,NA,NA,NA,NA,NA,NA,NA,NA,NA,NA,NA,NA,NA,NA,NA,NA,NA,NA,162,53,NA,NA,NA,NA,NA,NA,NA,NA,NA,NA,NA,NA,NA,NA,NA,NA,NA,NA,NA,NA,31,NA,2023-01-26T13:15:52Z,FALSE,FALSE,2,2,NA,NA
532,NA,NA,main-q,interview,2023-01-26T13:21:09Z,66,Donna,NA,Laurea specialistica/magistrale,Disoccupata/Disoccupato,Istruzione,NA,Indifferente,4,4,4,4,4,3,4,3,Sì,Indifference,[NA] Not answered,[NA] Not answered,NA,NA,Prevalentemente in italiano,Prevalentemente in italiano,Sì,Prevalentemente in italiano,Non ho figli minorenni,Prevalentemente in italiano,NA,Così così,NA,"Sì, ma molto poco",NA,Non lo parlo mai,NA,Sì,83,NA,Per più di 10 anni,No,NA,NA,Sì,NA,NA,NA,NA,NA,NA,NA,NA,0,FALSE,FALSE,FALSE,FALSE,FALSE,FALSE,FALSE,FALSE,FALSE,FALSE,FALSE,FALSE,FALSE,FALSE,FALSE,0,FALSE,FALSE,FALSE,FALSE,FALSE,FALSE,FALSE,FALSE,FALSE,FALSE,0,FALSE,FALSE,FALSE,FALSE,FALSE,FALSE,FALSE,FALSE,FALSE,FALSE,FALSE,FALSE,FALSE,FALSE,FALSE,FALSE,FALSE,FALSE,FALSE,FALSE,[NA] Not answered,Alcune volte,No,No,3,FALSE,TRUE,TRUE,FALSE,TRUE,FALSE,FALSE,FALSE,FALSE,0,FALSE,FALSE,FALSE,FALSE,FALSE,FALSE,2,5,1,5,2,3,1,5,1,1,1,4,5,1,1,"Sì, voglio rispondere all'ulteriore quesito",158,9,36,8,NA,NA,NA,NA,NA,NA,12,37,33,13,36,24,39,91,31,NA,42,104,538,NA,2023-01-26T13:32:22Z,TRUE,FALSE,22,22,Alzano Lombardo,NA
533,NA,NA,main-q,interview,2023-01-26T13:40:38Z,44,Uomo,NA,Laurea specialistica/magistrale,Lavoratrice/Lavoratore,Servizi alle famiglie e assistenza sociale,NA,Indifferente,3,4,4,4,3,4,4,2,Sì,Indifference,Ogni comune/località dovrebbe insegnare la propria varietà di dialetto.,Il dialetto di un comune/località dovrebbe essere scelto come la singola varietà.,NA,NA,Prevalentemente in italiano,Prevalentemente in italiano,Sì,Prevalentemente in italiano,Prevalentemente in italiano,Non ho figli maggiorenni,NA,"Sì, ma molto poco",NA,"Sì, ma molto poco",NA,Non lo parlo mai,inglese,Sì,3367,NA,Per più di 10 anni,No,NA,NA,Sì,NA,NA,NA,NA,NA,NA,NA,NA,2,TRUE,FALSE,FALSE,FALSE,FALSE,FALSE,FALSE,FALSE,FALSE,TRUE,FALSE,FALSE,FALSE,FALSE,FALSE,1,FALSE,TRUE,FALSE,FALSE,FALSE,FALSE,FALSE,FALSE,FALSE,FALSE,2,FALSE,FALSE,FALSE,FALSE,FALSE,FALSE,FALSE,TRUE,TRUE,FALSE,FALSE,FALSE,FALSE,FALSE,FALSE,FALSE,FALSE,FALSE,FALSE,FALSE,Molto spesso,Alcune volte,No,No,6,TRUE,TRUE,TRUE,TRUE,TRUE,FALSE,FALSE,TRUE,FALSE,1,TRUE,FALSE,FALSE,FALSE,FALSE,FALSE,1,2,1,3,2,5,1,5,2,3,1,4,5,3,1,"Sì, voglio rispondere all'ulteriore quesito",96,9,33,6,NA,NA,NA,NA,NA,NA,6,42,26,14,28,189,31,138,29,NA,37,166,850,NA,2023-01-26T13:54:48Z,TRUE,FALSE,22,22,Villa di Serio,NA
535,NA,NA,main-q,interview,2023-01-27T07:00:42Z,67,Donna,NA,Diploma di maturità/certificato professionale,Pensionata/Pensionato,Fabbricazione e attività manifatturiere,NA,Positiva,4,4,6,6,4,4,4,4,Sì,Sì,Una unica varietà di dialetto dovrebbe essere insegnata su un territorio più grande.,Il dialetto di un comune/località dovrebbe essere scelto come la singola varietà.,NA,PERCHE' ARRICCHISCE LA CULTURA E CONTRIBUISCE A MANTENERE LE TRADIZIONI E A NON DISPERDERE I PATRIMONI TRADIZIONI,Prevalentemente in italiano,Prevalentemente in italiano,Sì,Prevalentemente in italiano,[NA] Not answered,Prevalentemente in italiano,NA,"Sì, lo capisco molto bene",NA,"Sì, lo parlo bene",NA,Lo parlo qualche volta,POCO INGLESE E POCO FRANCESE,Sì,274,NA,Per più di 10 anni,No,NA,NA,Sì,NA,NA,NA,NA,NA,NA,NA,NA,3,TRUE,TRUE,TRUE,FALSE,FALSE,FALSE,FALSE,FALSE,FALSE,FALSE,FALSE,FALSE,FALSE,FALSE,FALSE,2,TRUE,TRUE,FALSE,FALSE,FALSE,FALSE,FALSE,FALSE,FALSE,FALSE,4,TRUE,FALSE,FALSE,FALSE,TRUE,FALSE,FALSE,TRUE,TRUE,FALSE,FALSE,FALSE,FALSE,FALSE,FALSE,FALSE,FALSE,FALSE,FALSE,FALSE,Molto spesso,50/50,Sì,Sì,3,TRUE,FALSE,TRUE,TRUE,FALSE,FALSE,FALSE,FALSE,FALSE,1,TRUE,FALSE,FALSE,FALSE,FALSE,FALSE,1,5,2,5,1,3,1,5,1,2,1,5,5,3,1,"Sì, voglio rispondere all'ulteriore quesito",75,6,42,6,NA,NA,NA,NA,NA,NA,98,48,31,18,51,108,48,89,114,NA,39,155,836,NA,2023-01-27T07:16:12Z,TRUE,FALSE,22,22,Bergamo,NA
536,NA,NA,main-q,interview,2023-01-27T10:48:45Z,73,Uomo,NA,Diploma di maturità/certificato professionale,Pensionata/Pensionato,Attività di trattamento dei rifiuti e risanamento,NA,Indifferente,4,5,5,6,3,5,4,3,Sì,Sì,Una unica varietà di dialetto dovrebbe essere insegnata su un territorio più grande.,Si dovrebbe creare una nuova varietà basata sui dialetti dei vari comuni/località.,NA,Per non dimenticare le nostre radici,Prevalentemente in dialetto,Prevalentemente in dialetto,Sì,Prevalentemente in italiano,Non ho figli minorenni,Prevalentemente in italiano,NA,"Sì, lo capisco molto bene",NA,"Sì, lo parlo molto bene",NA,Lo parlo qualche volta,NA,Sì,83,NA,Per più di 10 anni,No,NA,NA,Sì,NA,NA,NA,NA,NA,NA,NA,NA,5,TRUE,TRUE,FALSE,FALSE,FALSE,FALSE,FALSE,TRUE,FALSE,FALSE,FALSE,FALSE,TRUE,TRUE,FALSE,2,FALSE,TRUE,FALSE,TRUE,FALSE,FALSE,FALSE,FALSE,FALSE,FALSE,5,TRUE,FALSE,FALSE,TRUE,TRUE,FALSE,FALSE,TRUE,FALSE,FALSE,FALSE,FALSE,FALSE,FALSE,FALSE,FALSE,FALSE,FALSE,TRUE,FALSE,Spesso,Spesso,Sì,Sì,5,TRUE,TRUE,TRUE,FALSE,TRUE,FALSE,FALSE,TRUE,FALSE,1,TRUE,FALSE,FALSE,FALSE,FALSE,FALSE,1,4,4,5,2,5,1,5,3,2,1,4,2,2,1,"Sì, voglio rispondere all'ulteriore quesito",23,31,69,8,NA,NA,NA,NA,NA,NA,13,45,40,30,45,200,112,136,160,NA,85,283,854,NA,2023-01-27T11:10:05Z,TRUE,FALSE,22,22,Alzano Lombardo,NA
539,NA,NA,main-q,interview,2023-01-28T11:26:42Z,35,Uomo,NA,Laurea triennale,Lavoratrice/Lavoratore,"Editoria, audiovisivi e attività radiotelevisive",NA,Positiva,6,6,5,5,4,5,4,4,Sì,Sì,Ogni comune/località dovrebbe insegnare la propria varietà di dialetto.,Il dialetto di un comune/località dovrebbe essere scelto come la singola varietà.,NA,Preservare la tradizione è importante,Prevalentemente in italiano,Prevalentemente in italiano,No,NA,NA,NA,Prevalentemente in italiano,Così così,NA,Così così,NA,Lo parlo qualche volta,"Inglese, Francese, Tedesco",Sì,-9,NA,Per più di 10 anni,Sì,NA,NA,Sì,NA,NA,NA,NA,NA,NA,NA,NA,1,FALSE,TRUE,FALSE,FALSE,FALSE,FALSE,FALSE,FALSE,FALSE,FALSE,FALSE,FALSE,FALSE,FALSE,FALSE,1,TRUE,FALSE,FALSE,FALSE,FALSE,FALSE,FALSE,FALSE,FALSE,FALSE,2,FALSE,FALSE,FALSE,FALSE,FALSE,FALSE,FALSE,TRUE,TRUE,FALSE,FALSE,FALSE,FALSE,FALSE,FALSE,FALSE,FALSE,FALSE,FALSE,FALSE,Alcune volte,Alcune volte,No,Sì,5,TRUE,FALSE,FALSE,TRUE,FALSE,FALSE,TRUE,TRUE,TRUE,2,TRUE,FALSE,TRUE,FALSE,FALSE,FALSE,2,4,3,4,3,4,1,4,3,3,1,4,5,3,2,"Sì, voglio rispondere all'ulteriore quesito",4,5,21,13,NA,NA,NA,NA,NA,NA,5,28,29,7,61,77,62,62,69,NA,42,146,624,NA,2023-01-28T11:37:13Z,TRUE,FALSE,22,22,NA,NA
540,NA,NA,main-q,interview,2023-01-28T15:03:15Z,NA,NA,NA,NA,Pensionata/Pensionato,Amministrazione pubblica e difesa; assicurazione sociale obbligatoria,NA,NA,NA,NA,NA,NA,NA,NA,NA,NA,NA,NA,NA,NA,NA,NA,Prevalentemente in dialetto,Prevalentemente in dialetto,Sì,Prevalentemente in italiano,Non ho figli minorenni,Prevalentemente in italiano,NA,"Sì, lo capisco molto bene",NA,"Sì, lo parlo molto bene",NA,NA,NA,Sì,1003,NA,Per più di 10 anni,No,NA,NA,Sì,NA,NA,NA,NA,NA,NA,NA,NA,NA,NA,NA,NA,NA,NA,NA,NA,NA,NA,NA,NA,NA,NA,NA,NA,NA,NA,NA,NA,NA,NA,NA,NA,NA,NA,NA,NA,NA,NA,NA,NA,NA,NA,NA,NA,NA,NA,NA,NA,NA,NA,NA,NA,NA,NA,NA,NA,NA,Spesso,NA,NA,NA,NA,NA,NA,NA,NA,NA,NA,NA,NA,NA,NA,NA,NA,NA,NA,NA,NA,NA,NA,NA,NA,NA,NA,NA,NA,NA,NA,NA,NA,NA,NA,NA,4,12,59,11,NA,NA,NA,NA,NA,NA,8,72,27,45,26,NA,NA,NA,NA,NA,NA,NA,264,NA,2023-01-28T15:07:40Z,FALSE,FALSE,15,15,Città di San Marin,NA
